loggingSample(N),accelerometerTimestamp_sinceReboot(s),accelerometerAccelerationX(G),accelerometerAccelerationY(G),accelerometerAccelerationZ(G),gyroTimestamp_sinceReboot(s),gyroRotationX(rad/s),gyroRotationY(rad/s),gyroRotationZ(rad/s),motionTimestamp_sinceReboot(s),motionYaw(rad),motionRoll(rad),motionPitch(rad),motionRotationRateX(rad/s),motionRotationRateY(rad/s),motionRotationRateZ(rad/s),motionUserAccelerationX(G),motionUserAccelerationY(G),motionUserAccelerationZ(G),motionQuaternionX(R),motionQuaternionY(R),motionQuaternionZ(R),motionQuaternionW(R),motionGravityX(G),motionGravityY(G),motionGravityZ(G),motionMagneticFieldX(µT),motionMagneticFieldY(µT),motionMagneticFieldZ(µT),motionMagneticFieldCalibrationAccuracy(Z),deviceOrientation(Z)
1,116345.394209917,-0.013580322265625,-0.003326416015625,-1.00289916992188,116345.382277917,0.010475277831718,0.060627128531763,0.007923703191313,116345.377333917,-1.80507112618398,-0.023555591962868,0.008596766083646,0.000512952916324,0.041508618742228,-0.00201846845448,0.001732476055622,0.00800156686455,-0.00272524356842,-0.00658091949299,-0.010671101510525,-0.784870207309723,0.61953341960907,-0.023552542552352,-0.00859666056931,-0.999685645103455,0,0,0,-1,5
2,116345.453875125,-0.015655517578125,-0.006790161132813,-0.996612548828125,116345.451891125,0.013705425917875,-0.008755674715854,0.011891546899422,116345.446947125,-1.80534871503052,-0.022811358446494,0.008575460748247,0.001934518106282,-0.006545018404722,0.000932899303734,0.004467476159334,0.002975380048156,0.004143357276917,-0.006296904291958,-0.010431327857077,-0.78495854139328,0.619428515434265,-0.022808540612459,-0.008575355634093,-0.999703049659729,0,0,0,-1,5
3,116345.513537125,-0.02044677734375,-0.003433227539063,-1.01107788085938,116345.486712125,0.010726680238621,0.008338357373038,0.015154451866987,116345.481738125,-1.80531131361534,-0.022866551468073,0.008557136007114,-0.000140351243317,-0.001191532006487,0.003076476976275,0.004690503701568,0.003643702715635,-0.008308887481689,-0.006324048154056,-0.01044134888798,-0.784946739673615,0.619442939758301,-0.022863721475005,-0.008557031862438,-0.999701976776123,0,0,0,-1,5
4,116345.573199125,-0.0211181640625,-0.003326416015625,-0.995315551757812,116345.556322125,0.011747469884449,0.004065581720115,0.013003949286748,116345.551348125,-1.80505016919869,-0.022825973601098,0.008515069393812,-0.000142214819789,-0.002250937512144,0.000930235721171,0.001216718927026,0.004685011692345,0.003823101520538,-0.00631979200989,-0.010413097217679,-0.784865915775299,0.619545996189117,-0.022823164239526,-0.00851496681571,-0.999703228473663,0,0,0,-1,5
5,116345.632891125,-0.02197265625,-0.006362915039063,-1.00566101074219,116345.625933125,0.011714180370823,0.000873516837546,0.010846522487675,116345.620959125,-1.8052813238288,-0.022751741978817,0.008544319293227,-9.88058745861053E-05,-0.001170759438537,-0.003345469012856,0.001371385529637,0.000930078327656,0.00243604183197,-0.006282801739872,-0.010400854051113,-0.784937798976898,0.619455456733704,-0.0227489490062,-0.008544215001166,-0.999704718589783,0,0,0,-1,5
6,116345.692553125,-0.016082763671875,0.003814697265625,-0.993560791015625,116345.660723125,0.017051155195341,0.001854092750913,0.015195997179992,116345.690539125,-1.80515627772784,-0.02279503985055,0.008487795780675,0.001709480769932,-0.0204176902771,0.004071168601513,0.001857185736299,0.023761741816998,-0.006612956523895,-0.006316654849797,-0.010392477735877,-0.784898817539215,0.619504570960999,-0.022792244330049,-0.008487693965435,-0.99970418214798,0,0,0,-1,5
7,116345.752215125,-0.018707275390625,-0.012527465820313,-1.00859069824219,116345.730334125,0.010714163381498,0.00515667881872,0.009786051741605,116345.725359125,-1.80513820456464,-0.022853747458991,0.008522846128612,0.002080991864204,0.001996005419642,-0.002233332954347,0.008004125207663,-0.002478843554854,-0.011558413505554,-0.006328742485493,-0.010424474254251,-0.784893095493317,0.619511127471924,-0.02285092882812,-0.008522743359208,-0.999702572822571,0,0,0,-1,5
8,116345.811877125,-0.018173217773438,-0.01458740234375,-1.00607299804688,116345.799944125,0.013811686045369,-0.003410177775846,0.007638212322456,116345.794970125,-1.80526441418469,-0.022690621834535,0.008625567575248,0.005414204671979,0.009424094110727,-0.00429728301242,0.006574548780918,-0.001933621242642,0.003642141819,-0.006233557127416,-0.01041386090219,-0.784932911396027,0.619462013244629,-0.022687830030918,-0.008625460788608,-0.999705374240875,0,0,0,-1,5
9,116345.871539125,-0.023635864257813,0.002471923828125,-1.00299072265625,116345.869555125,0.007468302644909,0.004123105999661,0.012953881858255,116345.864581125,-1.80510364073797,-0.022830107279901,0.008469962195529,-0.002164886333048,0.005245594773442,-0.000125974416733,0.00199905782938,0.005952160805464,-0.0016850233078,-0.00633566826582,-0.01039650849998,-0.784882366657257,0.619525134563446,-0.022827304899693,-0.008469861000776,-0.999703526496887,0,0,0,-1,5
10,116345.931200125,-0.02044677734375,-0.00177001953125,-1.002197265625,116345.904375125,0.012782107967944,-0.000200269713974,0.008712797822303,116345.899371125,-1.805160076036,-0.022804445758207,0.008439357035734,0.000908135436475,-0.005450459197164,-0.003355323337018,-0.003321390599012,0.013123705051839,0.004037857055664,-0.006335370242596,-0.010376370511949,-0.784899890422821,0.619503438472748,-0.022801658138633,-0.008439256809652,-0.999704360961914,0,0,0,-1,5
11,116345.990862125,-0.0172119140625,-0.011459350585938,-1.00297546386719,116345.973986125,0.011731757234017,0.002999252019647,0.012998356648459,116345.968981125,-1.80533622723003,-0.022685550267123,0.008649691880049,0.003143859095871,0.001978162210435,-0.001150491647422,0.007423967123032,0.00056242570281,-0.001744270324707,-0.006224468816072,-0.010421534068883,-0.784955203533173,0.619433641433716,-0.022682756185532,-0.008649583905935,-0.99970531463623,0,0,0,-1,5
12,116346.050524125,-0.017364501953125,-0.005157470703125,-1.00143432617188,116346.043597125,0.010655041205298,0.003010170980117,0.014056164233438,116346.038592125,-1.80512338609353,-0.022766270992226,0.008431005445651,-0.001210142858326,-0.001177150988951,0.003063960000873,0.004224065691233,-0.00093799084425,-0.001591682434082,-0.006322786211967,-0.010361384600401,-0.784888625144959,0.619518041610718,-0.022763496264815,-0.008430905640125,-0.99970531463623,0,0,0,-1,5
13,116346.110186125,-0.022659301757813,0.001998901367188,-1.00100708007813,116346.078356125,0.012818593274878,0.000876446314745,0.005507417134284,116346.108202125,-1.80532954201686,-0.022731417303765,0.008495982570571,0.000950213521719,-0.001195526798256,-0.000121979042888,-6.79902732372284E-05,0.011715485714376,-0.002781629562378,-0.006290048826486,-0.010375438258052,-0.784952700138092,0.619436860084534,-0.022728638723493,-0.008495880290866,-0.99970555305481,0,0,0,-1,5
14,116346.169848125,-0.016952514648438,-0.01019287109375,-1.00100708007813,116346.147967125,0.011740545665614,0.004062119610698,0.014074273728851,116346.143023125,-1.80520803412041,-0.022746211417061,0.008528366993761,0.000960865989327,0.000926746055484,0.003100179135799,0.000541884452105,0.006666691042483,-0.002675414085388,-0.006285191513598,-0.010393111035228,-0.784915089607239,0.61948436498642,-0.022743422538042,-0.008528263308108,-0.999704957008362,0,0,0,-1,5
15,116346.229510125,-0.019302368164063,-0.0067138671875,-1.00358581542969,116346.217577125,0.011709120364751,0.001929460209762,0.014063088452273,116346.212634125,-1.80518525377936,-0.022760134665639,0.008501561902162,-0.002266085706651,-0.001155845588073,0.000910794362426,0.006491478532553,-0.004590582102537,-0.000478208065033,-0.006298841442913,-0.010386976413429,-0.784907937049866,0.619493365287781,-0.022757347673178,-0.00850145984441,-0.999704897403717,0,0,0,-1,5
16,116346.289172125,-0.022216796875,0.001922607421875,-0.998626708984375,116346.287188125,0.011736817240088,0.001943308647431,0.009781790683861,116346.282244125,-1.80530601581772,-0.022751636279369,0.008500614316851,-0.000128366984427,-0.002244013361633,-0.001210412941873,0.00082197226584,0.010423119179905,0.000239133834839,-0.006296426523477,-0.010383591987193,-0.784945368766785,0.619446039199829,-0.022748852148652,-0.008500511758029,-0.999705076217651,0,0,0,-1,5
17,116346.348833125,-0.017929077148438,-0.007049560546875,-1.00338745117188,116346.322009125,0.011679559276652,0.00085620629046,0.016198144698189,116346.317034125,-1.80528718526901,-0.022768400471641,0.008493193653768,-0.000133426859975,-0.001188069931231,0.002006152644753,0.001891588792205,0.010049488395453,-0.002095758914948,-0.00630520703271,-0.0103859314695,-0.784939467906952,0.619453370571137,-0.022765612229705,-0.008493091911078,-0.999704778194428,0,0,0,-1,5
18,116346.408492542,-0.017303466796875,-0.008026123046875,-1.00032043457031,116346.391619125,0.01179274362298,0.006205165339885,0.010874485679121,116346.386645125,-1.80529225914153,-0.022735323966026,0.008587709858046,0.002065279521048,0.000929675530642,-0.002238925546408,0.005886822938919,-0.000384563580155,-0.002706170082092,-0.006262974347919,-0.010412762872875,-0.78494131565094,0.619450986385345,-0.022732527926564,-0.008587604388595,-0.999704718589783,0,0,0,-1,5
19,116346.468185542,-0.021575927734375,-0.000839233398438,-1.0023193359375,116346.461227542,0.011738681452851,0.003002714129064,0.011928032206356,116346.456252542,-1.80525260935174,-0.022782575927831,0.008452690640444,-0.000145705416799,-0.00221461057663,-0.000144043937325,0.002577155828476,0.005461866036057,0.000193059444427,-0.006323139183223,-0.0103745367378,-0.784928619861603,0.619466960430145,-0.022779790684581,-0.00845258962363,-0.999704778194428,0,0,0,-1,5
20,116346.527847542,-0.020370483398438,-0.005386352539063,-0.999618530273438,116346.496017542,0.011745605671686,0.003006176238481,0.010857707764253,116346.525832542,-1.8053206909841,-0.02274121308722,0.008514882909286,0.002034092321992,0.000952154397964,0.000968092121184,0.002139063552022,0.00489844661206,-0.000325322151184,-0.006287993397564,-0.010385917499662,-0.784949958324432,0.619440138339996,-0.022738428786397,-0.008514779619873,-0.999705195426941,0,0,0,-1,5
21,116346.587508542,-0.017562866210938,-0.008056640625,-1.00080871582031,116346.565627542,0.012799684831139,0.001925465468127,0.010864631983087,116346.560653542,-1.80531745061144,-0.022701851262552,0.008572718984063,0.000978148542345,0.000973459798843,-0.001185073517263,0.004464812576771,0.002087628468871,-0.001301467418671,-0.006254612933844,-0.010396433994174,-0.78494918346405,0.619441270828247,-0.022699067369104,-0.008572613820434,-0.999705612659454,0,0,0,-1,5
22,116346.647170542,-0.018325805664063,-0.003204345703125,-1.00126647949219,116346.635238542,0.010684602293398,0.004083424899419,0.011921107987522,116346.630264542,-1.80525900259095,-0.022773266388658,0.00845528477125,-0.002269576303661,-0.001119518652558,-0.000163485296071,0.00372751429677,0.002427963539958,-0.001363158226013,-0.00631871400401,-0.010372650809586,-0.784930646419525,0.619464576244354,-0.022770484909415,-0.008455184288323,-0.999704957008362,0,0,0,-1,5
23,116346.706832542,-0.020782470703125,-0.000961303710938,-1.00039672851563,116346.704849542,0.012803413256665,0.004044276431394,0.015157115028077,116346.699874542,-1.80536279339148,-0.022741028539082,0.008487422978,-0.00014197640121,-9.57995653152466E-05,0.004148439504206,-7.36396759748459E-05,0.00810585077852,-0.001789927482605,-0.006296644918621,-0.010374951176345,-0.784962952136993,0.619423806667328,-0.022738249972463,-0.008487321436405,-0.99970543384552,0,0,0,-1,5
24,116346.766494542,-0.017715454101563,-0.008941650390625,-1.0003662109375,116346.739669542,0.010686466506161,0.005142830381052,0.014067349510017,116346.734664542,-1.80526812441235,-0.02275190520293,0.008506027761623,0.000917162746191,-0.002232453553006,0.000938797369599,0.002088718116283,0.006217107176781,5.59687614440918E-05,-0.006294659804553,-0.010385919362307,-0.784933626651764,0.619460761547089,-0.022749118506909,-0.008505925536156,-0.999705016613007,0,0,0,-1,5
25,116346.826156542,-0.019744873046875,-0.0042724609375,-1.00286865234375,116346.809280542,0.010700314943829,0.005149754599886,0.011926700625811,116346.804275542,-1.80526069912821,-0.022753397213087,0.008520430691916,-0.001192860305309,-0.001130437478423,-0.00122129265219,0.004226438701153,-0.000497616827488,-0.001821041107178,-0.006290744058788,-0.010392056778073,-0.784931361675262,0.619463682174683,-0.022750608623028,-0.00852032750845,-0.999704837799072,0,0,0,-1,5
26,116346.885818542,-0.02069091796875,-0.002700805664063,-1.00138854980469,116346.878890542,0.012770123743039,0.000852211548825,0.012999688229004,116346.873885542,-1.8053357862522,-0.022726710198099,0.008532682109512,0.000971225090325,0.000969997607172,-0.000114749185741,0.001559987664223,0.006289537064731,-0.0013627409935,-0.00627686502412,-0.010388363152742,-0.784954726696014,0.619434297084808,-0.022723926231265,-0.008532578125596,-0.999705374240875,0,0,0,-1,5
27,116346.945480542,-0.018905639648438,-0.005966186523438,-1.00166320800781,116346.913650542,0.011740545665614,0.004062119610698,0.014074273728851,116346.943496542,-1.80525312101827,-0.022704168869411,0.008554077986965,0.002056729048491,0.002021946012974,-9.66396182775497E-05,0.004131441935897,0.00232838653028,-0.002796769142151,-0.006260962691158,-0.010390037670732,-0.784929215908051,0.619466602802277,-0.022701388224959,-0.008553973399103,-0.999705672264099,0,0,0,-1,5
28,116347.005141542,-0.019012451171875,-0.00457763671875,-1.00166320800781,116346.983260542,0.012808473262736,0.002988333059178,0.011940549063479,116346.978317542,-1.80529668925984,-0.022684093663576,0.008572355355077,0.000962436199188,-9.28700901567936E-05,-0.001190666109324,0.004218179732561,0.00082078576088,-0.002399742603302,-0.006247648503631,-0.010390856303275,-0.784942805767059,0.619449496269226,-0.022681314498186,-0.00857225060463,-0.999705970287323,0,0,0,-1,5
29,116347.064803542,-0.021133422851563,-0.002731323242188,-1.00077819824219,116347.052871542,0.012785836393471,0.001918541249293,0.013005280867293,116347.047927542,-1.80532402531944,-0.022716522865476,0.008520968744597,0.000962436199188,-9.28700901567936E-05,-0.001190666109324,0.002175414934754,0.005926871672273,-0.000553727149963,-0.006276434287429,-0.010380648076534,-0.784951090812683,0.619439005851746,-0.022713745012879,-0.008520865812898,-0.999705672264099,0,0,0,-1,5
30,116347.124465542,-0.018768310546875,-0.004989624023438,-0.999038696289062,116347.122482542,0.012799684831139,0.001925465468127,0.010864631983087,116347.117538542,-1.80528833376575,-0.022720479281962,0.008576355687878,0.002032227814198,-0.000107251107693,-0.001178149133921,0.003644201904535,0.002961015328765,-0.000950992107391,-0.00626064511016,-0.01040372159332,-0.784940123558044,0.619452655315399,-0.02271768823266,-0.008576250635087,-0.999705135822296,0,0,0,-1,5
31,116347.184127542,-0.018585205078125,-0.006607055664063,-1.003173828125,116347.157302542,0.011707256151988,0.000870054728129,0.011916846929778,116347.152328542,-1.80532776529627,-0.022716362292193,0.008569874226431,0.000955511815846,-9.6332048997283E-05,-0.000120341777802,0.003594312816858,0.004785589873791,-0.004200994968414,-0.006261241622269,-0.010399779304862,-0.784952342510223,0.619437277317047,-0.022713573649526,-0.008569769561291,-0.999705255031586,0,0,0,-1,5
32,116347.243789542,-0.01995849609375,-0.004180908203125,-1.00096130371094,116347.226913542,0.010707239162664,0.005153216709303,0.010856376183708,116347.221938542,-1.80532329783793,-0.022768660355478,0.008505001883121,-8.28541815280914E-05,0.002050708513707,-0.000121673569083,0.003005739301443,0.003103288821876,-0.001577079296112,-0.006301838904619,-0.010390532203019,-0.78495067358017,0.619439125061035,-0.022765869274736,-0.008504899218678,-0.999704658985138,0,0,0,-1,5
33,116347.303481542,-0.020126342773438,-0.003326416015625,-1.0018310546875,116347.296523542,0.012832974344765,0.005117530350696,0.013022058782161,116347.291549542,-1.80533181056311,-0.022709120958469,0.008519663732607,-0.000112415291369,0.000977454241365,0.0020133825019,0.002061203122139,0.006078153848648,-0.000263631343842,-0.006273972801864,-0.010377818718553,-0.784953534603119,0.619436085224152,-0.022706344723702,-0.008519561029971,-0.999705851078033,0,0,0,-1,5
34,116347.363143542,-0.018234252929688,-0.004226684570313,-1.00355529785156,116347.331313542,0.011754394103283,0.004069043829532,0.011933624844645,116347.361129542,-1.80531253899544,-0.022722516062329,0.008486480664288,-0.00115957017988,0.002061627339572,0.000936133787036,0.004546523094177,0.0031305430457,-0.002918660640717,-0.006289409473538,-0.010369005613029,-0.784947454929352,0.619443714618683,-0.02271974273026,-0.00848637893796,-0.999705851078033,0,0,0,-1,5
35,116347.422801042,-0.019683837890625,-0.005691528320313,-0.999191284179688,116347.400924542,0.010691526512232,0.004086887008836,0.010850783545419,116347.395950542,-1.80533790038175,-0.022714365080665,0.008486767721245,0.000978148542345,0.000973459798843,-0.001185073517263,0.00359233096242,0.001955904066563,-0.003345727920532,-0.006286254152656,-0.010366514325142,-0.784955322742462,0.619433701038361,-0.022711593657732,-0.008486665785313,-0.999706029891968,0,0,0,-1,5
36,116347.482463042,-0.020217895507813,-0.002517700195313,-1.00112915039063,116347.470531042,0.010648116986464,0.003006708870699,0.015126488675541,116347.465556042,-1.80529790683622,-0.022694386552876,0.008478602192021,-0.00027303211391,-0.001139625208452,0.003125504590571,0.002794161438942,0.006815292872489,-3.40342521667481E-05,-0.006280735135078,-0.010357247665525,-0.784942984580994,0.619449555873871,-0.022691622376442,-0.008478500880301,-0.999706566333771,0,0,0,-1,5
37,116347.542125042,-0.019485473632813,-0.006484985351563,-1.00154113769531,116347.540141042,0.012822321700405,0.002995257278012,0.009799900179274,116347.535167042,-1.80526315731218,-0.022685187031328,0.008476398838205,0.000847093760967,-7.03660771250725E-05,-0.002208007499576,0.003654716536403,0.002616922371089,-0.00236839056015,-0.006277626380324,-0.010353642515838,-0.784932255744934,0.619463324546814,-0.02268242649734,-0.008476297371089,-0.99970680475235,0,0,0,-1,5
38,116347.601787042,-0.0196533203125,-0.0035400390625,-1.00067138671875,116347.574962042,0.011754394103283,0.004069043829532,0.011933624844645,116347.569957042,-1.80531060706486,-0.022655377543519,0.008476807496808,-0.000213909894228,0.001006882637739,-0.001144607551396,0.003731727600098,0.003502340987325,-0.001986265182495,-0.006266046781093,-0.010344421491027,-0.784947037696838,0.619444787502289,-0.022652626037598,-0.0084767062217,-0.999707460403442,0,0,0,-1,5
39,116347.661449042,-0.019805908203125,-0.003829956054688,-1.00119018554688,116347.644572042,0.011724833015183,0.00299578991023,0.014068681090562,116347.639567042,-1.8052542105839,-0.0226405774701,0.008415262842149,-0.00022775772959,0.000999958254397,0.000996041111648,0.002603050321341,0.003410279750824,-0.002778887748718,-0.00627901032567,-0.010315861552954,-0.784929513931274,0.619467437267303,-0.022637842223048,-0.008415163494647,-0.999708294868469,0,0,0,-1,5
40,116347.721110042,-0.019500732421875,-0.004837036132813,-1.00155639648438,116347.714183042,0.011731757234017,0.002999252019647,0.012998356648459,116347.709178042,-1.8052507216644,-0.022607524370278,0.008429729294898,0.000848958268762,0.000989039428532,-6.17662444710731E-05,0.003851743414998,0.0032111229375,-0.002152621746063,-0.006261539179832,-0.010311312042177,-0.784928560256958,0.619468867778778,-0.022604795172811,-0.008429629728198,-0.999708950519562,0,0,0,-1,5
41,116347.780772042,-0.019088745117188,-0.005233764648438,-1.00154113769531,116347.748942042,0.010639328554867,0.001943841279649,0.014050571595149,116347.778789042,-1.80524651983157,-0.022626008445165,0.00839665948389,-0.00022083427757,0.001003420446068,-7.42832198739052E-05,0.003442982211709,0.002781325951219,-0.00082528591156,-0.006279016844928,-0.010304072871804,-0.784927129745483,0.619470536708832,-0.022623280063272,-0.008396561257541,-0.999708771705627,0,0,0,-1,5
42,116347.840434042,-0.019760131835938,-0.004013061523438,-1.00117492675781,116347.818553042,0.012831110132002,0.004058124869063,0.010875817259666,116347.813609042,-1.80524628346238,-0.02261337362434,0.008405441883996,0.001925674267113,0.000978120602667,-0.00111957360059,0.003933889791369,0.002820625901222,-0.001069188117981,-0.006271334830672,-0.010303606279194,-0.784927129745483,0.619470775127411,-0.02261064760387,-0.008405342698097,-0.999709010124206,0,0,0,-1,5
43,116347.900096042,-0.019058227539063,-0.004043579101563,-1.00155639648438,116347.888164042,0.010668889642967,0.003017095198951,0.011915515349233,116347.883220042,-1.80525035493095,-0.022528998832101,0.008425531784519,-0.000243471004069,-6.6371401771903E-05,0.000990448519588,0.001926928758621,0.003969864919782,-0.001937210559845,-0.006232019513845,-0.010285343974829,-0.784928679466248,0.619469404220581,-0.022526293992996,-0.008425432257354,-0.999710738658905,0,0,0,-1,5
44,116347.959758042,-0.01849365234375,-0.006851196289063,-1.00028991699219,116347.957774042,0.01281539748157,0.002991795168595,0.010870224621377,116347.952830042,-1.80526545426443,-0.022553989569175,0.008449245679696,0.000840169377625,-7.38282687962055E-05,-0.001137683168054,0.002562258392572,0.001796312630177,-0.002609372138977,-0.006234558764845,-0.010302343405783,-0.78493332862854,0.619463264942169,-0.022551272064447,-0.008449145592749,-0.999709963798523,0,0,0,-1,5
45,116348.019420042,-0.021530151367188,-0.003128051757813,-1.00221252441406,116347.992595042,0.010677678074564,0.004079962790001,0.012991432429625,116347.987620042,-1.80525694075577,-0.022530232478805,0.008455622880471,-0.00022775772959,0.000999958254397,0.000996041111648,0.0029352363199,0.00334382802248,-0.003036141395569,-0.00622321665287,-0.010297514498234,-0.784930765628815,0.619466602802277,-0.02252752147615,-0.008455522358418,-0.999710440635681,0,0,0,-1,5
46,116348.079082042,-0.01873779296875,-0.005599975585938,-0.998764038085938,116348.062205042,0.010668889642967,0.003017095198951,0.011915515349233,116348.057231042,-1.80522842796045,-0.022518791825549,0.008435766071216,-0.001306338235736,-4.85281925648451E-05,-9.23927873373032E-05,0.002679660916328,0.005490720272064,-0.001204609870911,-0.006224730052054,-0.0102862669155,-0.784921944141388,0.619478046894074,-0.022516086697579,-0.008435665629804,-0.999710917472839,0,0,0,-1,5
47,116348.138774042,-0.018814086914063,-0.004547119140625,-1.00166320800781,116348.131816042,0.013892113510289,0.002980876208126,0.009812417036397,116348.126811042,-1.80525650104978,-0.022534860302283,0.008395949114702,-0.000236546620727,-6.290921010077E-05,-7.98758119344711E-05,0.002405814826489,0.003070533275604,-0.002165973186493,-0.006243513897061,-0.01027553062886,-0.784930527210236,0.619467258453369,-0.022532159462571,-0.008395850658417,-0.999710857868195,0,0,0,-1,5
48,116348.198436042,-0.019241333007813,-0.003692626953125,-1.00126647949219,116348.166606042,0.010637464342104,0.000884435798015,0.011904330072654,116348.196422042,-1.80525165902376,-0.022534708685936,0.008376222809843,-0.000234682112932,0.000996496062726,0.00206636544317,0.003641629591584,0.004515651613474,-0.004195213317871,-0.006249541416764,-0.010267757810652,-0.784928977489471,0.619469165802002,-0.022532010450959,-0.008376125246286,-0.999711036682129,0,0,0,-1,5
49,116348.258098042,-0.019332885742188,-0.004196166992188,-1.00253295898438,116348.236217042,0.013878265072621,0.002973951989291,0.011953065920603,116348.231242042,-1.80521737259136,-0.022536118350432,0.008357825286921,-0.000267972238362,-0.002195568755269,-9.1060996055603E-05,0.002071388065815,0.005046570673585,-0.002638697624207,-0.006255618762225,-0.010261082090437,-0.784918308258056,0.619482636451721,-0.022533424198628,-0.008357727900147,-0.999711155891418,0,0,0,-1,5
50,116348.317760042,-0.018783569335938,-0.00518798828125,-1.001953125,116348.305827042,0.009607886264679,0.004094343859888,0.012978915572501,116348.300853042,-1.80526613045878,-0.02250963355821,0.008329048304669,-0.00022083427757,0.001003420446068,-7.42832198739052E-05,0.002334833145142,0.004102267324924,-0.002134323120117,-0.006254388019443,-0.010241433046758,-0.78493344783783,0.619463860988617,-0.022506952285767,-0.008328951895237,-0.999711990356445,0,0,0,-1,5
51,116348.377421042,-0.019790649414063,-0.004531860351563,-0.999252319335938,116348.375438042,0.01386255242219,0.001907622288824,0.011947473282314,116348.370463042,-1.80523072639879,-0.022515722320328,0.008270872207909,-0.000205121003091,0.002069750335068,-6.86906278133392E-05,0.002630848437548,0.003830471076071,-0.001493096351624,-0.006274617277086,-0.010220599360764,-0.784922361373901,0.619478106498718,-0.022513050585985,-0.008270777761936,-0.999712347984314,0,0,0,-1,5
52,116348.43708275,-0.01910400390625,-0.004486083984375,-1.00238037109375,116348.41025775,0.011745605671686,0.003006176238481,0.010857707764253,116348.40525275,-1.80521935733838,-0.022510237944641,0.008295935082337,0.001909960992634,-8.82092863321304E-05,-0.001125166192651,0.003464594483376,0.005030458793044,-0.003370046615601,-0.006264642812312,-0.010228771716356,-0.784918904304504,0.619482457637787,-0.022507563233376,-0.008295839652419,-0.999712228775024,0,0,0,-1,5
53,116348.49674475,-0.019378662109375,-0.005477905273438,-1.00152587890625,116348.47986875,0.01172296880242,0.001936384428597,0.011922439568067,116348.47486375,-1.80526290219648,-0.022493326520575,0.008262389207425,-0.000218343921006,-8.78807622939348E-05,-0.001161756925285,0.002806823700666,0.003684659488499,-0.001950323581696,-0.006268620491028,-0.010210232809186,-0.784932374954224,0.619465589523315,-0.022490661591292,-0.008262295275927,-0.999712884426117,0,0,0,-1,5
54,116348.55640675,-0.019302368164063,-0.004745483398438,-1.00151062011719,116348.54944875,0.011729893021254,0.001939846538014,0.010852115125964,116348.54447475,-1.80525138723446,-0.022461298287694,0.008232731917819,-0.000225268304348,-9.13429539650679E-05,-9.14325937628746E-05,0.002805329859257,0.002586886286736,-0.001827239990234,-0.006265178322792,-0.010188709944487,-0.784928858280182,0.619470477104187,-0.022458648309112,-0.008232639171183,-0.999713897705078,0,0,0,-1,5
55,116348.61606875,-0.019317626953125,-0.003509521484375,-1.00227355957031,116348.58423875,0.011709120364751,0.001929460209762,0.014063088452273,116348.61408475,-1.80524005899544,-0.022482192316133,0.008202615769894,0.000851447694004,-0.000102262012661,-0.001149239949882,0.002612598240376,0.004311532713473,-0.000530481338501,-0.006282650399953,-0.010183398611844,-0.784925222396851,0.619474947452545,-0.022479541599751,-0.00820252392441,-0.999713659286499,0,0,0,-1,5
56,116348.67573075,-0.019439697265625,-0.006027221679688,-1.00108337402344,116348.65384975,0.012801549043902,0.002984870949761,0.013010873505582,116348.64890575,-1.80525932669645,-0.022478640580827,0.008193837752874,-0.000202631577849,0.000978448893875,-0.001156164333224,0.002532755956054,0.002288594841957,-0.002834439277649,-0.006284073926508,-0.010178793221712,-0.784931182861328,0.619467437267303,-0.022475993260741,-0.008193746209145,-0.999713778495789,0,0,0,-1,5
57,116348.73539275,-0.01922607421875,-0.0050048828125,-1.00233459472656,116348.72345975,0.010677678074564,0.004079962790001,0.012991432429625,116348.71851575,-1.80528635491137,-0.022458349599567,0.00820107275186,-0.000234056264162,-0.001154210534878,-0.001167349517345,0.003031268715858,0.003577568568289,-0.001292884349823,-0.006274005398154,-0.010175262577832,-0.784939646720886,0.619457006454468,-0.022455707192421,-0.008200980722904,-0.999714195728302,0,0,0,-1,5
58,116348.79505375,-0.020187377929688,-0.004547119140625,-1.00083923339844,116348.79307075,0.011729893021254,0.001939846538014,0.010852115125964,116348.78812675,-1.80524771001429,-0.022495875137781,0.008174453170202,0.000828810967505,-0.001172053744085,-8.45082104206085E-05,0.003282411023974,0.003734054975212,-0.002300560474396,-0.006296784151346,-0.010176560841501,-0.784927487373352,0.619471967220306,-0.022493226453662,-0.008174362592399,-0.999713599681854,0,0,0,-1,5
59,116348.85471575,-0.020263671875,-0.004379272460938,-1.00291442871094,116348.82789075,0.012831110132002,0.004058124869063,0.010875817259666,116348.82291675,-1.80527540082701,-0.022493084873964,0.008164265112361,-0.001288135536015,-7.34997447580099E-05,-0.001174273900688,0.002989705651999,0.00434947758913,-0.002773463726044,-0.006298984400928,-0.010171610862017,-0.7849360704422,0.619461297988892,-0.022490438073874,-0.008164174854755,-0.999713718891144,0,0,0,-1,5
60,116348.91437775,-0.019454956054688,-0.00604248046875,-1.00056457519531,116348.89750175,0.010646252773701,0.001947303389066,0.012980247153046,116348.89252775,-1.80528634522283,-0.022472404867773,0.00817018450141,-0.00023219268769,-9.48051456362009E-05,0.000978891737759,0.002785924822092,0.00354668032378,-0.002177953720093,-0.006289090961218,-0.010167494416237,-0.784939527511597,0.619457006454468,-0.022469762712717,-0.008170093409717,-0.999714136123657,0,0,0,-1,5
61,116348.97403975,-0.019790649414063,-0.004104614257813,-1.00155639648438,116348.96711275,0.010668889642967,0.003017095198951,0.011915515349233,116348.96210775,-1.80526230621375,-0.022457504244174,0.00817782904469,0.001914315856993,-0.000120105221868,-6.63986429572105E-05,0.002771027386189,0.004302006214857,-0.000651776790619,-0.006280753295869,-0.010165954940021,-0.784932136535645,0.619466423988342,-0.022454865276814,-0.00817773770541,-0.999714434146881,0,0,0,-1,5
62,116349.03373175,-0.019729614257813,-0.005508422851563,-1.00236511230469,116349.00190275,0.010661965424132,0.003013633089534,0.012985839791335,116349.03171775,-1.80529887134431,-0.022470219087084,0.008155662234343,-0.000216479413211,0.000971524510533,0.00098448432982,0.00301262550056,0.003715264610946,-0.002666056156158,-0.006292793899775,-0.01016107853502,-0.784943401813507,0.619452297687531,-0.022467581555247,-0.008155572228134,-0.999714314937592,0,0,0,-1,5
63,116349.09339375,-0.019866943359375,-0.005264282226563,-0.999252319335938,116349.07151275,0.013855628203355,0.001904160179407,0.013017797724416,116349.06653875,-1.80527485718347,-0.022470357218453,0.008160300421105,0.000853312201798,0.000957143492997,0.000997001305223,0.002768620848656,0.002132988534868,-0.002437233924866,-0.0062912912108,-0.010163017548621,-0.78493595123291,0.619461536407471,-0.022467717528343,-0.008160210214555,-0.999714255332947,0,0,0,-1,5
64,116349.15305575,-0.0208740234375,-0.003570556640625,-1.00187683105469,116349.14112375,0.009578325176579,0.003021089940586,0.015113971818418,116349.13614875,-1.80523743624575,-0.022481484810036,0.008188337458532,-0.001317696645856,-0.001146753667854,0.000960782170296,0.001879472285509,0.003824233077466,-0.000972867012024,-0.006286782212555,-0.01017758436501,-0.784924387931824,0.619476079940796,-0.022478837519884,-0.008188245818019,-0.999713778495789,0,0,0,-1,5
65,116349.21271775,-0.018692016601563,-0.005645751953125,-1.00114440917969,116349.21073375,0.011768242540951,0.004075968048366,0.009792975960439,116349.20575975,-1.80525840430717,-0.022505776941596,0.008137987434822,-0.000211419537663,-8.44188034534454E-05,-0.002232081256807,0.002819294109941,0.002675250172615,-0.002224206924438,-0.006312020123005,-0.010165283456445,-0.78493070602417,0.619467973709106,-0.022503132000566,-0.008137897588313,-0.999713659286499,0,0,0,-1,5
66,116349.27237975,-0.0194091796875,-0.004013061523438,-1.00090026855469,116349.24555475,0.013885189291455,0.002977414098709,0.0108827414785,116349.24054975,-1.80529310124263,-0.022513041061435,0.008142642798674,-0.000193842686713,0.002041316591203,-8.02474096417427E-05,0.003574235364795,0.002969822846353,-0.001720905303955,-0.006313605699688,-0.010169250890613,-0.78494143486023,0.619454264640808,-0.022510392591357,-0.008142553269863,-0.99971342086792,0,0,0,-1,5
67,116349.33204175,-0.018630981445313,-0.004669189453125,-1.00125122070313,116349.31516575,0.011709120364751,0.001929460209762,0.014063088452273,116349.31016075,-1.80526176301685,-0.022506534078609,0.008150712009921,-0.000254829414189,-0.001164596877061,0.002043623477221,0.003171000629663,0.003847642801702,-0.002178549766541,-0.006308391690254,-0.010170500725508,-0.784931778907776,0.619466662406921,-0.022503886371851,-0.008150621317327,-0.99971354007721,0,0,0,-1,5
68,116349.39170375,-0.019882202148438,-0.003738403320313,-1.00129699707031,116349.38474575,0.011761318322117,0.004072505938949,0.010863300402542,116349.37977075,-1.80526160283004,-0.022510324215045,0.008093617569655,0.000835735350847,-0.001168591668829,-0.001154832541943,0.002076167613268,0.002859763801098,-0.000881195068359,-0.006327565293759,-0.010149269364774,-0.784931600093842,0.619466960430145,-0.022507686167955,-0.008093529380858,-0.999713897705078,0,0,0,-1,5
69,116349.451355542,-0.019088745117188,-0.004623413085938,-1.00213623046875,116349.419525542,0.008506669153931,0.001976065528839,0.0129552134388,116349.449371542,-1.80527806326215,-0.022498967613486,0.008089262319881,-0.000247905030847,-0.001161134801805,0.000973299145699,0.002339472994208,0.003572572953999,-0.001796424388886,-0.006324540823698,-0.010143990628421,-0.784936726093292,0.619460582733154,-0.022496333345771,-0.008089174516499,-0.999714195728302,0,0,0,-1,5
70,116349.511016542,-0.020156860351563,-0.004226684570313,-1.00117492675781,116349.489135542,0.01386255242219,0.001907622288824,0.011947473282314,116349.484191542,-1.80525003960635,-0.022504093413271,0.008061694973569,-0.000189833343029,-0.001140309497714,0.000961412675679,0.003580564633012,0.003377160057426,-0.001918375492096,-0.006334951147437,-0.010134848766029,-0.78492796421051,0.619471609592438,-0.022501463070512,-0.00806160736829,-0.999714314937592,0,0,0,-1,5
71,116349.570678542,-0.019729614257813,-0.003433227539063,-1.00067138671875,116349.558746542,0.012838034350836,0.00406158697848,0.009805492817563,116349.553802542,-1.80529110311448,-0.022487686942449,0.008078499726081,0.000886882655323,-0.001151228439994,-9.63946804404259E-05,0.003030102699995,0.003622845746577,-0.001307785511017,-0.006323513574898,-0.010136231780052,-0.784940779209137,0.619455575942993,-0.022485058754683,-0.008078412152827,-0.999714553356171,0,0,0,-1,5
72,116349.630340542,-0.019699096679688,-0.005279541015625,-1.00193786621094,116349.628356542,0.012808473262736,0.002988333059178,0.011940549063479,116349.623413542,-1.80527395261961,-0.022526226016712,0.008087158530323,-0.000205545686185,-0.002206639153883,0.000955820083618,0.002946557477117,0.003158481791615,-0.002224266529083,-0.006335870362818,-0.010151620954275,-0.784935355186462,0.619462013244629,-0.022523583844304,-0.008087070658803,-0.999713599681854,0,0,0,-1,5
73,116349.690002542,-0.019500732421875,-0.004318237304688,-1.00151062011719,116349.663177542,0.010668889642967,0.003017095198951,0.011915515349233,116349.658203542,-1.80526113428072,-0.022505271347425,0.00809593139176,0.000940944999456,0.002051222603768,-0.001149941235781,0.003703806549311,0.001793962903321,-0.001567721366882,-0.006324862595648,-0.010148613713682,-0.784931480884552,0.619467198848724,-0.022502634674311,-0.008095842786133,-0.999714016914368,0,0,0,-1,5
74,116349.749664542,-0.01910400390625,-0.00469970703125,-1.00041198730469,116349.732788542,0.01175252989052,0.003009638347899,0.00978738332215,116349.727813542,-1.80528618627207,-0.02252626945485,0.00803252485179,-0.000175984576344,-0.001133385230787,-0.001179235987365,0.001329179853201,0.005591032095253,-0.001506686210632,-0.006352872122079,-0.010130154900253,-0.784939050674439,0.619457602500916,-0.022523637861014,-0.008032438345253,-0.999714016914368,0,0,0,-1,5
75,116349.809326542,-0.015701293945313,-0.0133056640625,-0.99237060546875,116349.802398542,0.017096428933873,0.003993676370683,0.013066533572365,116349.797393542,-1.80532099713255,-0.022542751167594,0.007999276600347,0.001965463161469,-0.000102741876617,0.000992039218545,0.002825764939189,0.002231368795037,-0.001628816127777,-0.006369815673679,-0.010122100822628,-0.784949719905853,0.619444072246552,-0.022540120407939,-0.007999191060662,-0.999713957309723,0,0,0,-1,5
76,116349.869018542,-0.014175415039063,-0.0404052734375,-1.00811767578125,116349.837188542,0.017143566885167,0.007192665472086,0.013083311487232,116349.867004542,-1.80526304540584,-0.022497487698403,0.008313242614872,0.008459049277008,0.003023809287697,-0.003197379410267,0.008288878947496,-0.028140099719167,0.000139653682709,-0.006254502106458,-0.010231478139758,-0.784932494163513,0.619465172290802,-0.022494813427329,-0.008313146419823,-0.999712407588959,0,0,0,-1,5
77,116349.928680542,-0.013290405273438,-0.036529541015625,-1.00447082519531,116349.906799542,0.01827567666456,0.007209443386954,0.00346290836543,116349.901824542,-1.80542630639457,-0.022354367298554,0.008614795452629,0.007401240058243,0.001985709182918,-0.00749678676948,0.009580068290234,-0.031103938817978,0.005511403083801,-0.006105761043727,-0.010304991155863,-0.784984052181244,0.619400143623352,-0.022351676598191,-0.00861468911171,-0.999713063240051,0,0,0,-1,5
78,116349.988342542,-0.015518188476563,-0.041488647460938,-1.00238037109375,116349.976409542,0.028044684175189,0.012442821245068,-0.006029396707939,116349.971435542,-1.8062799600789,-0.021906047701133,0.009577625877441,0.017163325101137,0.007215625140816,-0.015918767079711,0.007163301110268,-0.028859410434961,-0.000468909740448,-0.005636072251946,-0.010541616007686,-0.785251259803772,0.619061887264252,-0.021903291344643,-0.009577479213476,-0.999714195728302,0,0,0,-1,5
79,116350.048004542,-0.0135498046875,-0.041717529296875,-1.00050354003906,116350.046020542,0.021607823820467,0.006169212665169,-0.017911622543546,116350.041046542,-1.8078340951532,-0.021394352023296,0.010692859429218,0.011859106831253,0.005192953627557,-0.027766104787588,0.007444962859154,-0.031757295131683,-0.001277804374695,-0.005098328925669,-0.010817104950547,-0.785734951496124,0.618447661399841,-0.021391496062279,-0.010692656040192,-0.999714016914368,0,0,0,-1,5
80,116350.107666542,-0.01470947265625,-0.03662109375,-0.998870849609375,116350.080841542,0.022712236724523,0.006172142142368,-0.023250727896937,116350.075836542,-1.80894371116983,-0.021230222891934,0.011136181177831,0.010822071693838,0.004165240097791,-0.035276487469673,0.007143449038267,-0.030398473143578,-0.000424683094025,-0.004902811255306,-0.010937784798443,-0.786078870296478,0.618009924888611,-0.021227311342955,-0.011135950684548,-0.999712646007538,0,0,0,-1,5
81,116350.167327542,-0.017578125,-0.031570434570313,-1.00340270996094,116350.150451542,0.004375573671,-0.004243214564823,-0.024589765293029,116350.145446542,-1.81153120743316,-0.02120762702761,0.011526244580071,-0.008568670600653,-0.005169405601919,-0.036622449755669,0.005442298948765,-0.021722912788391,-0.002580106258392,-0.004787716083229,-0.011077913455665,-0.786878228187561,0.616990268230438,-0.021204628050327,-0.011525989510119,-0.999708712100983,0,0,0,-1,5
82,116350.226989542,-0.024246215820313,-0.01678466796875,-1.00228881835938,116350.220031542,-0.074538416801901,-0.048058872399352,-0.001120924502814,116350.215057542,-1.81356886671655,-0.022723868456967,0.009181080503547,-0.07892619073391,-0.050159517675638,-0.015199713408947,-0.000335074961185,-0.011586260050535,-0.004618525505066,-0.006118662189692,-0.010616847313941,-0.787499129772186,0.616193890571594,-0.022720955312252,-0.009180951863527,-0.999699711799622,0,0,0,-1,5
83,116350.286651542,-0.059249877929688,0.05230712890625,-0.977691650390625,116350.254821542,-0.048730255310161,-0.03563575854635,0.007809187264439,116350.284668542,-1.81429367603161,-0.024590070464428,0.005960494906347,0.045610144734383,0.051613718271256,-0.011077140457928,-0.027628419920802,0.046426769345999,0.003082633018494,-0.007849441841245,-0.009920973330736,-0.787708938121796,0.61591762304306,-0.024587156251073,-0.005960459820926,-0.999679923057556,0,0,0,-1,5
84,116350.346313542,-0.053939819335938,0.045166015625,-1.01156616210938,116350.324432542,0.029834328427722,0.010122142671173,0.04321937606646,116350.319488542,-1.81384519321653,-0.024709524570739,0.00603696224356,-0.003804275766015,-0.015059852972627,0.031890567392111,-0.043164532631636,0.071207210421562,-0.019656360149384,-0.007870698347688,-0.009989640675485,-0.787570536136627,0.616093218326569,-0.024706559255719,-0.006036925595254,-0.999676525592804,0,0,0,-1,5
85,116350.405980125,-0.031280517578125,0.009963989257813,-1.02154541015625,116350.394043542,0.058672368291645,0.026646258286788,0.08967076443184,116350.389099542,-1.80966001466212,-0.023981596730948,0.007291322321525,0.045916672796011,0.038516025990248,0.077705189585686,-0.016197729855776,0.032544553279877,0.007116913795471,-0.007176124490798,-0.010274363681674,-0.786285400390625,0.617736399173737,-0.023978659883142,-0.007291257847101,-0.999685883522034,0,0,0,-1,5
86,116350.465642125,-0.01348876953125,0.009231567382813,-1.00393676757813,116350.463658125,0.026414563271951,0.016410931269286,0.09030965677735,116350.458714125,-1.80369993384372,-0.022440340744675,0.00968913240811,0.028522770851851,0.022730400785804,0.083842977881432,0.00379116460681,0.017028458416462,-0.015633761882782,-0.005797456949949,-0.010758260264993,-0.784450650215149,0.620070815086365,-0.022437404841185,-0.009688980877399,-0.99970132112503,0,0,0,-1,5
87,116350.525304125,0.011184692382813,0.053314208984375,-1.00912475585938,116350.498479125,-0.070167370504754,-0.047011983774842,-0.012838833299163,116350.493504125,-1.80239682911385,-0.02352338712646,0.007908316593873,-0.104726709425449,-0.059429004788399,-0.016612052917481,0.034964572638273,0.039234526455402,-0.023959040641785,-0.006767667364329,-0.010400033555925,-0.784039795398712,0.620586514472961,-0.023520482704043,-0.007908234372735,-0.99969208240509,0,0,0,-1,5
88,116350.584965125,0.014236450195313,0.034591674804688,-1.00028991699219,116350.568089125,0.003929760504521,0.016194149956554,-0.074801270801492,116350.563084125,-1.80617693246766,-0.022920971616573,0.008787484640428,-0.011241229251027,0.007818207144737,-0.089030064642429,0.042067859321833,0.058119036257267,-0.001598298549652,-0.006278618704528,-0.01054588612169,-0.785215020179749,0.619101524353027,-0.022918079048395,-0.008787371218205,-0.99969869852066,0,0,0,-1,5
89,116350.644627125,-0.015777587890625,-0.013748168945313,-0.994735717773438,116350.637700125,0.002704972719193,0.022481873290231,-0.036248551913178,116350.632695125,-1.8107681757818,-0.021888689933995,0.01069606240891,-0.011515002697706,0.005564373917878,-0.051579892635346,0.007145699113607,0.007338925264776,-0.030310750007629,-0.005307637155056,-0.010963449254632,-0.786640107631683,0.617291569709778,-0.021885689347983,-0.010695858858526,-0.999703288078308,0,0,0,-1,5
90,116350.704289125,-0.020660400390625,-0.006210327148438,-0.980545043945312,116350.672490125,0.014925153697131,-0.013987454677314,-0.023444606024295,116350.702306125,-1.81347180000885,-0.021712239488948,0.010700327822997,-0.001002706587315,0.002152331639081,-0.030065011233091,-0.00041595287621,0.00383366830647,-0.005221545696259,-0.005251662340015,-0.010903576388955,-0.78747433423996,0.616228640079498,-0.021709291264415,-0.010700123384595,-0.999707043170929,0,0,0,-1,5
91,116350.763982125,-0.013534545898438,-0.018768310546875,-0.968902587890625,116350.742100125,0.012738165809958,-0.005514607669227,0.003333212420343,116350.737126125,-1.81416207786661,-0.021958844032607,0.010354968535868,-0.005303445737809,0.00960838329047,-0.009739765897393,0.005171235650778,-0.006277296692133,-0.02159595489502,-0.005458927247673,-0.010841706767678,-0.787685871124268,0.61595755815506,-0.021955901756883,-0.010354783385992,-0.99970531463623,0,0,0,-1,5
92,116350.823643125,-0.014022827148438,-0.017669677734375,-0.987472534179688,116350.811711125,-0.016239956327303,-0.007290137167983,0.012616991980359,116350.806737125,-1.81424677243217,-0.021929441717072,0.010317350008331,-0.031166467815638,0.001391732599586,-0.000451991334558,0.010009402409196,-0.003690401092172,-0.008014619350433,-0.005459393374622,-0.010817606002092,-0.787711977958679,0.615924537181854,-0.021926516667008,-0.010317167267203,-0.999706327915192,0,0,0,-1,5
93,116350.883305125,-0.024566650390625,-0.008010864257813,-1.01713562011719,116350.881322125,-0.009586314659849,0.016027436072315,0.029940322239107,116350.876347125,-1.81344363995885,-0.023391863859384,0.008156528415327,-0.021968442946673,-0.019063740968704,0.019890563562512,0.004269689321518,-0.00286040827632,0.005995035171509,-0.006696734577417,-0.010419690050185,-0.787456512451172,0.616245687007904,-0.023388952016831,-0.008156438358128,-0.999693155288696,0,0,0,-1,5
94,116350.942967125,-0.023605346679688,-0.008941650390625,-1.01333618164063,116350.916142125,-0.011273959842633,-0.024489097803824,0.032926258453304,116350.911137125,-1.81278056090775,-0.023566888413756,0.007393090665342,-0.019490104168654,0.004363287705928,0.021108960732818,0.003697119653225,-0.003455975092947,-0.004073917865753,-0.006997532676905,-0.010175374336541,-0.787249982357025,0.616510391235352,-0.0235640630126,-0.007393023464829,-0.999695003032684,0,0,0,-1,5
95,116351.002629125,-0.034027099609375,0.010696411132813,-1.00981140136719,116350.985722125,0.039924513165814,0.03668557664806,0.032768599316771,116350.980748125,-1.81119951255845,-0.024266968421477,0.006393693054428,0.027081657201052,0.041076824069023,0.01863195374608,-0.00188947468996,0.011444308795035,0.006566822528839,-0.007573299109936,-0.010003807023168,-0.786757469177246,0.617134630680084,-0.02426409162581,-0.006393649615347,-0.999685108661652,0,0,0,-1,5
96,116351.062291125,-0.031326293945313,0.003204345703125,-0.990493774414062,116351.055333125,0.034394459162264,0.028199147518413,0.041223869461664,116351.050359125,-1.80931839664898,-0.023580295636892,0.007337152022354,0.02566672116518,0.021866114810109,0.028151689097285,-0.014996744692326,0.022916309535503,-0.001800298690796,-0.007002462632954,-0.010169627144933,-0.786181390285492,0.617872416973114,-0.02357747592032,-0.007337086368352,-0.999695062637329,0,0,0,-1,5
97,116351.121953125,-0.020126342773438,-0.0137939453125,-1.00650024414063,116351.090123125,0.022154038160042,-0.000457797391385,0.048427453894219,116351.119969125,-1.80691125280292,-0.023036869784781,0.008290309805365,0.016799725592136,0.003832786343992,0.034378424286842,0.001091901212931,-0.005366400815547,0.001561880111694,-0.006481853779405,-0.010384203866124,-0.785440981388092,0.618815541267395,-0.023034039884806,-0.008290214464068,-0.999700307846069,0,0,0,-1,5
98,116351.181615125,-0.022491455078125,-0.012939453125,-1.00418090820313,116351.159734125,0.025460885285594,0.003781688747913,0.043135752808232,116351.154790125,-1.80577951635885,-0.022738924680351,0.008675508096411,0.010504812933505,0.011390304192901,0.032201826572418,0.001251734793186,-0.005133804865181,0.001336574554443,-0.006239736452699,-0.010446813888848,-0.785092353820801,0.619259178638458,-0.022736109793186,-0.008675399236381,-0.999703884124756,0,0,0,-1,5
99,116351.241277125,-0.022369384765625,-0.012191772460938,-1.01034545898438,116351.229344125,0.022434469022828,0.013442571918284,0.036726589328847,116351.224400125,-1.80386602155541,-0.021872662953081,0.010107659674998,0.017050594091416,0.016659900546074,0.024812618270516,0.000370167195797,-0.003076106309891,-0.002014517784119,-0.005445915739983,-0.010745950974524,-0.784504354000092,0.620006203651428,-0.02186980098486,-0.010107487440109,-0.999709725379944,0,0,0,-1,5
100,116351.300938125,-0.020034790039063,-0.011932373046875,-1.00254821777344,116351.298955125,0.007321029836628,0.002990996220268,0.033284453619919,116351.294011125,-1.80207599339052,-0.021993966304036,0.009878477875779,-0.003544427454472,-0.002253868384287,0.022333482280374,0.000720366835594,-0.002588113769889,-0.006500959396362,-0.005554979201406,-0.010698641650379,-0.783948481082916,0.62070894241333,-0.021991120651364,-0.009878316894174,-0.999709367752075,0,0,0,-1,5
101,116351.360600125,-0.025970458984375,-0.001434326171875,-0.996063232421875,116351.333775125,-0.001295095238106,-0.002215217394728,0.029945382245178,116351.328801125,-1.80140134478903,-0.022106375302367,0.009641987245614,-0.012167477048934,-0.007463544141501,0.020064735785127,-0.002188444137573,0.002485466189682,-0.000916421413422,-0.00566885760054,-0.010642751120031,-0.783738374710083,0.620974063873291,-0.022103548049927,-0.009641838259995,-0.999709188938141,0,0,0,-1,5
102,116351.4202645,-0.025741577148438,-0.004150390625,-1.00422668457031,116351.403386125,0.008379636369934,-0.00337981773942,0.020419521342074,116351.398381125,-1.80063543698018,-0.02185626429284,0.010008305434509,0.000775751657784,-0.006524779833853,0.006306312978268,-0.00416280515492,0.00756673142314,-0.000227868556976,-0.00545299379155,-0.010710720904172,-0.783501744270325,0.621273279190064,-0.021853430196643,-0.010008138604462,-0.999711096286774,0,0,0,-1,5
103,116351.4799265,-0.024124145507813,-0.006637573242188,-1.00152587890625,116351.4729985,0.006284793856478,-0.005445631796994,0.008609733488117,116351.4679945,-1.80057205971809,-0.021667351648843,0.010292150179595,-0.002302157692611,-0.002167427446693,-0.004413867834955,-0.001986613497138,0.005515966564417,-0.001065850257874,-0.005290460307151,-0.010763391852379,-0.78348296880722,0.621297538280487,-0.021664509549737,-0.010291968472302,-0.999712347984314,0,0,0,-1,5
104,116351.5395885,-0.01690673828125,-0.014068603515625,-0.9974365234375,116351.5077895,0.011850001586417,0.007292267696855,0.004458131664793,116351.5376045,-1.80115115538301,-0.021847179737431,0.010140829937739,0.002129875123501,0.002085374202579,-0.018255647271872,0.00486128591001,-0.003424406982958,-6.11543655395508E-05,-0.005411035846919,-0.010758415795863,-0.783662140369415,0.621070563793182,-0.021844318136573,-0.010140656493604,-0.999709963798523,0,0,0,-1,5
105,116351.5992805,-0.01885986328125,-0.008575439453125,-1.00425720214844,116351.5773995,0.002144110993623,-0.005318865329106,-0.012846822782433,116351.5724255,-1.80189675564155,-0.021967351347487,0.00993897724349,-0.009735838510096,-0.006273223087192,-0.022719372063875,0.003669211640954,-0.002466581761837,-0.005005598068237,-0.005524809937924,-0.010714589618147,-0.78389298915863,0.620778799057007,-0.021964499726892,-0.009938813745976,-0.999709367752075,0,0,0,-1,5
106,116351.6589425,-0.020401000976563,-0.003860473632813,-1.00675964355469,116351.6470105,-0.006405967686077,-0.008375108996081,-0.021526331091111,116351.6420355,-1.80399585200529,-0.022404896506346,0.009249165653245,-0.01399290189147,-0.009380066767335,-0.033489461988211,0.001863732933998,0.003008188679814,-0.001773834228516,-0.005921542644501,-0.010573843494058,-0.784541785717011,0.619957566261292,-0.022402063012123,-0.009249033406377,-0.999706268310547,0,0,0,-1,5
107,116351.7186045,-0.018707275390625,0.004745483398438,-1.00079345703125,116351.7165905,0.010830010888916,0.004156129197178,-0.010555705296638,116351.7116465,-1.80632479054982,-0.022966257735218,0.008238055344105,-0.004264906980097,6.66982959955931E-05,-0.026904528960586,0.003310140222311,0.010435227304697,-0.005119442939758,-0.006467261351645,-0.010343733243644,-0.785259604454041,0.61904639005661,-0.022963460534811,-0.00823796261102,-0.999702334403992,0,0,0,-1,5
108,116351.7782665,-0.009796142578125,0.006637573242188,-1.00074768066406,116351.7514415,0.028975991608389,0.01235919798684,0.015389608991241,116351.7464365,-1.80682004031294,-0.022762408248694,0.008446460293753,0.018191665410996,0.010344902053475,-0.000897962599993,0.006325915455818,0.017220165580511,-0.00059986114502,-0.006325275637209,-0.010360890999436,-0.785413920879364,0.618851780891418,-0.022759631276131,-0.008446360006928,-0.99970531463623,0,0,0,-1,5
109,116351.8379285,-0.008712768554688,-0.000625610351563,-1.0042724609375,116351.8210215,0.038724226462515,0.017582189516703,0.00910827724418,116351.8160475,-1.80641611503562,-0.022415977921908,0.009085947758846,0.021470814943314,0.014570539817214,-0.001908365637064,0.015211027115584,0.011023689061403,-0.0043665766716,-0.005989208351821,-0.010506018064916,-0.785291135311127,0.619008600711823,-0.022413175553084,-0.009085822850466,-0.999707520008087,0,0,0,-1,5
110,116351.8975905,-0.014297485351563,-0.01409912109375,-1.0107421875,116351.8906325,0.010799118220271,0.006257629613359,-0.000911600041134,116351.8856575,-1.80712729685679,-0.022163454187009,0.009591747911504,-0.001129833981395,0.001044877339154,-0.012947168201208,0.008259862661362,-0.000662306323647,0.004545450210571,-0.005737267434597,-0.010624405927956,-0.785512745380402,0.618727624416351,-0.022160619497299,-0.009591600857675,-0.999708414077759,0,0,0,-1,5
111,116351.9572515,-0.015884399414063,-0.013412475585938,-1.00634765625,116351.9254225,0.016124907768212,0.000881772636925,-0.009439574483786,116351.9552685,-1.80838977464614,-0.022073560918225,0.009690006943738,-2.54213809967041E-05,0.001047806814313,-0.018286272883415,0.005896415561438,-0.004424523562193,-0.011307418346405,-0.005678270477802,-0.01063160225749,-0.785903573036194,0.618231654167175,-0.022070731967688,-0.009689855389297,-0.99970942735672,0,0,0,-1,5
112,116352.0169135,-0.018447875976563,-0.010330200195313,-0.997314453125,116351.9950325,0.000961667469628,-0.006419283491527,0.002119609911594,116351.9900885,-1.80891811790218,-0.022172422781062,0.009541480628272,-0.00981386937201,-0.007370711769909,-0.013092044740915,0.005110271275043,-0.001948533579707,-0.003266751766205,-0.005765837617219,-0.010602280497551,-0.786066353321075,0.618024349212647,-0.022169597446919,-0.009541335515678,-0.999708712100983,0,0,0,-1,5
113,116352.0765755,-0.021347045898438,-0.00701904296875,-1.00169372558594,116352.0646435,-0.014218617059933,-0.011611914984964,0.021182250678272,116352.0596995,-1.80913543915994,-0.022929100787113,0.008250203870384,-0.025048214942217,-0.01576579362154,0.007024141959846,0.002952557057142,-0.000477916561067,-0.001593887805939,-0.006463431753218,-0.010327928699553,-0.78612893819809,0.61794239282608,-0.022926311939955,-0.00825010985136,-0.999703109264374,0,0,0,-1,5
114,116352.1362375,-0.02642822265625,0.002212524414063,-1.0040283203125,116352.1342535,0.025726935078493,0.01344097402163,0.023920246594983,116352.1293105,-1.80836125434352,-0.023646856564977,0.007081552688811,0.006262302398682,0.005129900295287,0.011780281551182,-0.001044660806656,0.007600292563438,0.000763475894928,-0.007102770265192,-0.010093123652041,-0.78588479757309,0.618249714374542,-0.023644059896469,-0.007081493269652,-0.999695360660553,0,0,0,-1,5
115,116352.1958995,-0.028793334960938,0.002151489257813,-1.00267028808594,116352.1690745,0.017037839389891,0.006081328349196,0.02699193659628,116352.1641005,-1.80795386233413,-0.023284071572439,0.007591720987676,0.012689841911197,0.006106481421739,0.012931301258504,-0.003833571448922,0.009926242753863,0.000936090946198,-0.006800418253988,-0.010182816535235,-0.78576123714447,0.618408799171448,-0.02328129671514,-0.007591648027301,-0.999700129032135,0,0,0,-1,5
116,116352.2555615,-0.025299072265625,-0.00408935546875,-0.998443603515625,116352.2386855,0.021317539261648,0.010257963886767,0.036697294556856,116352.2336805,-1.80666876150101,-0.022845738976175,0.008308981662313,0.015882173553109,0.008171763271093,0.020472306758165,-0.003417413681746,0.012108325026929,-0.002401173114777,-0.006399762351066,-0.010333174839616,-0.785366594791412,0.618911623954773,-0.022842962294817,-0.008308885619044,-0.999704539775848,0,0,0,-1,5
117,116352.3152235,-0.019485473632813,-0.014251708984375,-0.998580932617188,116352.3082955,0.031050061465343,0.014414625716163,0.030410370171506,116352.3032905,-1.80493114500626,-0.022458657204844,0.008911915600546,0.020239904522896,0.013445887714624,0.020550336688757,0.004221623763442,-0.005294134840369,-0.003099501132965,-0.00605207728222,-0.010455396957696,-0.784830868244171,0.619592130184174,-0.02245587669313,-0.008911797776818,-0.999708116054535,0,0,0,-1,5
118,116352.3748845,-0.018035888671875,-0.0118408203125,-1.00283813476563,116352.3430855,0.017079917335114,0.010336260822816,0.030225280475745,116352.3729015,-1.80363896202552,-0.021989914250911,0.009669950688792,0.010553985834122,0.008254054933786,0.017198748886585,0.004607353359461,-0.002491454593837,3.19480895996094E-05,-0.005626412108541,-0.010611260309815,-0.784433007240295,0.620097279548645,-0.021987114101648,-0.009669800288975,-0.999711513519287,0,0,0,-1,5
119,116352.434521125,-0.020980834960938,-0.009201049804688,-1.00471496582031,116352.412671125,0.010540525278425,0.000835966266176,0.026888872262094,116352.407696125,-1.80312046930541,-0.021793584525782,0.009882553131347,-0.000233147293329,0.000943943392485,0.013823459856212,0.001450829207897,-0.000478325411677,0.000964939594269,-0.005480724852532,-0.010635188780725,-0.784273087978363,0.620300471782684,-0.02179079502821,-0.00988239236176,-0.999713718891144,0,0,0,-1,5
120,116352.494214125,-0.02349853515625,-0.00531005859375,-1.00244140625,116352.482281125,0.005177185159114,-0.003333212420343,0.019311646328601,116352.477307125,-1.80232857061427,-0.022180200827105,0.00922620327189,-0.008806489408016,-0.00316780176945,0.006206925027072,0.000479441136122,0.001871336251497,-0.003401339054108,-0.005831768736243,-0.010500051081181,-0.784025311470032,0.620612680912018,-0.022177439182997,-0.009226072579622,-0.999711453914642,0,0,0,-1,5
121,116352.553876125,-0.023468017578125,-0.003143310546875,-0.99560546875,116352.551861125,0.019322831605179,0.006125270507182,0.004540157026367,116352.546918125,-1.80230497148601,-0.022187999696128,0.009171090885777,0.007433466613293,0.004122335463762,-0.006410067435354,-0.0015116520226,0.006973696872592,-1.35302543640137E-05,-0.00585180753842,-0.010480937547982,-0.784017860889435,0.620622098445892,-0.022185245528817,-0.009170962497592,-0.999711811542511,0,0,0,-1,5
122,116352.613537125,-0.024932861328125,-0.00201416015625,-1.00462341308594,116352.586682125,0.012848154362978,0.001949700234047,0.003372360888367,116352.581708125,-1.80255569822895,-0.022154491798824,0.009250206307058,-0.001189582049847,-0.001087340293452,-0.008678814396262,-0.002521730959415,0.00677815079689,-0.006513774394989,-0.00581543520093,-0.010500822216272,-0.784095883369446,0.620523512363434,-0.022151730954647,-0.009250074625015,-0.999711811542511,0,0,0,-1,5
123,116352.673199125,-0.0191650390625,-0.010452270507813,-1.00401306152344,116352.656293125,0.004252801944748,-0.003246127052698,-0.003177683812683,116352.651318125,-1.80341857405188,-0.022325849545581,0.009144071306474,-0.007659199181944,-0.006318854168057,-0.01306317653507,0.000914979726076,0.001209374517202,0.001738429069519,-0.005920084193349,-0.010509828105569,-0.784362852573395,0.620184898376465,-0.022323060780764,-0.00914394389838,-0.999709010124206,0,0,0,-1,5
124,116352.732861125,-0.018814086914063,-0.009613037109375,-0.999649047851562,116352.725903125,0.008676578831478,0.004177967118116,-0.008440090126679,116352.720929125,-1.80471795110545,-0.02255400415344,0.008830961651631,-0.002153646200895,3.83779406547546E-05,-0.022599956020713,0.002714786678553,-0.001041589304805,-0.005740702152252,-0.006113458890468,-0.010453821159899,-0.784764409065247,0.619675934314728,-0.022551212459803,-0.008830847218633,-0.99970668554306,0,0,0,-1,5
125,116352.792523125,-0.02081298828125,-0.00567626953125,-0.997879028320312,116352.760693125,0.006493053053722,-0.001107608697364,-0.013844709242886,116352.790539125,-1.80638427955578,-0.022704648822585,0.008589326738864,-0.003315849229693,-0.005285813473165,-0.020499788224697,0.002621294930577,0.002027941867709,-0.000492990016937,-0.006256115157157,-0.010400482453406,-0.785279512405396,0.619022369384766,-0.022701861336827,-0.008589221164584,-0.999705374240875,0,0,0,-1,5
126,116352.852185125,-0.018966674804688,-0.0003662109375,-1.00387573242188,116352.830304125,0.0042602587958,0.000991494873837,0.005407282277297,116352.825360125,-1.80688240040417,-0.022916822599266,0.008263944167165,-0.010864846408367,-0.004156899638474,-0.008808244019747,0.001841645687819,0.005379939451814,-0.003440022468567,-0.006442717742175,-0.010336799547076,-0.785432398319244,0.618827700614929,-0.022914033383131,-0.008263849653304,-0.999703288078308,0,0,0,-1,5
127,116352.911847125,-0.017852783203125,-0.00506591796875,-1.0023193359375,116352.899914125,0.020266655895503,0.009223325803271,0.031327562850929,116352.894971125,-1.80658688790347,-0.022960427551749,0.008220426801745,0.007281133905053,0.004046169109643,0.017137069255114,0.005806755274534,0.007167478092015,-0.000800907611847,-0.006471781991422,-0.010334159247577,-0.78534072637558,0.618943750858307,-0.022957634180784,-0.008220334537327,-0.999702632427216,0,0,0,-1,5
128,116352.971509125,-0.014022827148438,-0.002548217773438,-1.00238037109375,116352.969525125,0.019250393623529,0.008205998266861,0.020606208934488,116352.964581125,-1.80545479611787,-0.022627196072576,0.00875146891003,0.007338391616941,0.005133271683007,0.010720715858042,0.007258798927069,0.005318129435182,-0.002262651920319,-0.006170660257339,-0.010443037375808,-0.784992277622223,0.619386732578278,-0.022624399513006,-0.008751356974244,-0.999705731868744,0,0,0,-1,5
129,116353.031171125,-0.014907836914063,-0.005203247070313,-1.00479125976563,116353.004346125,0.012735502648868,0.00083490100174,0.018351310439518,116352.999341125,-1.8051589012964,-0.022509535888147,0.008933528245267,0.001922854222357,-0.001178952981718,0.006343278102577,0.009185813367367,0.010627133771777,-0.0020632147789,-0.006066538393497,-0.010478948242962,-0.784901320934296,0.619502484798431,-0.022506736218929,-0.008933409117162,-0.99970680475235,0,0,0,-1,5
130,116353.090832125,-0.016342163085938,-0.00689697265625,-0.999465942382812,116353.073956125,0.001076716028719,-1.09189604693249E-05,-0.001057807584979,116353.068951125,-1.80530941040323,-0.022705014408281,0.008634639265232,-0.007612061221153,-0.00311986473389,-0.013046398758888,0.007153511047363,-0.001726185902953,-0.003133177757263,-0.006236631888896,-0.010421738959849,-0.784946799278259,0.619444072246552,-0.022702217102051,-0.008634531870484,-0.999704957008362,0,0,0,-1,5
131,116353.150494125,-0.018417358398438,-0.004837036132813,-1.00314331054688,116353.143567125,0.010699782311611,0.000915594782769,0.002271410093729,116353.138562125,-1.80626635200678,-0.022800850702528,0.008350755325969,0.002087703906,0.002078891731799,-0.011835458688438,0.004441756755114,0.004154490306973,-0.000630497932434,-0.00636712834239,-0.010336968116462,-0.785242259502411,0.619069516658783,-0.022798079997301,-0.008350658230484,-0.999705195426941,0,0,0,-1,5
132,116353.210156125,-0.021347045898438,-0.002792358398438,-1.00424194335938,116353.178357125,0.006363357108635,-0.000113983294655,0.008637696679563,116353.208172125,-1.80657827618092,-0.022944649942334,0.008103488343933,-0.00335499830544,-1.30210537463427E-05,-0.002276308834553,0.001228626817465,0.004532842896879,-0.002920567989349,-0.006501737516373,-0.010283390060067,-0.785337865352631,0.618947744369507,-0.022941883653402,-0.008103399537504,-0.9997039437294,0,0,0,-1,5
133,116353.269818125,-0.020950317382813,-0.004653930664063,-0.998001098632812,116353.247967125,0.0084318343273,-0.001236772010233,0.017219733292343,116353.242993125,-1.80653223222574,-0.023001744932656,0.007924034295692,-0.006677557714283,-0.005318836774677,0.003009799867868,-0.000362209975719,0.005879274569452,0.00019234418869,-0.006579463370144,-0.010230749845505,-0.785323083400726,0.618966639041901,-0.022998994216323,-0.007923951372504,-0.99970406293869,0,0,0,-1,5
134,116353.329480125,-0.020980834960938,-0.007049560546875,-1.0006103515625,116353.317547125,0.016007728680248,0.005057076593951,0.018411231564045,116353.312604125,-1.80614390956881,-0.022801095891153,0.008219047175992,0.006271796301007,0.003032303415239,0.005345392040908,0.000886728987098,4.02443110942841E-05,-0.002750337123871,-0.00640736753121,-0.010285728611052,-0.785204112529755,0.619118392467499,-0.022798350080848,-0.008218954317272,-0.999706327915192,0,0,0,-1,5
135,116353.389172125,-0.023757934570313,-0.0052490234375,-1.00167846679688,116353.387158125,0.011685151914941,0.004034422735361,0.022636869265674,116353.382214125,-1.80561278591207,-0.022576562604677,0.008562936765346,0.000856790691614,0.000954239163548,0.010623243637383,-5.49666583538055E-05,0.004839688539505,-7.78436660766602E-05,-0.006209997925907,-0.010352873243392,-0.785041034221649,0.619326174259186,-0.022573817521334,-0.008562832139432,-0.999708533287048,0,0,0,-1,5
136,116353.448847542,-0.019699096679688,-0.00897216796875,-1.00135803222656,116353.421992542,0.010561297934927,0.000846352594427,0.023677898935786,116353.417017542,-1.80521915201046,-0.022627010133801,0.008498996921238,-0.002399722114205,-0.002201606985182,0.010568915866315,0.000880487263203,3.02661210298538E-05,-0.004289865493774,-0.006247566547245,-0.010344629175961,-0.78491884469986,0.619480729103088,-0.022624261677265,-0.00849889498204,-0.999707937240601,0,0,0,-1,5
137,116353.508509542,-0.021743774414063,-0.006332397460938,-1.00271606445313,116353.491602542,0.01385429662281,0.00507891451489,0.020526846734004,116353.486628542,-1.8046587385792,-0.022587020878726,0.008485184697973,0.004087739624083,-0.000198625028133,0.005311046727002,0.000687923282385,0.001237157732248,-0.001008212566376,-0.006233256775886,-0.010328569449484,-0.784745335578918,0.619700968265533,-0.022584287449718,-0.008485082536936,-0.999708950519562,0,0,0,-1,5
138,116353.568171542,-0.022720336914063,-0.005126953125,-1.00338745117188,116353.561213542,0.012771987955802,0.001911617030459,0.015145929751499,116353.556238542,-1.80433490656643,-0.022393171433179,0.008698126242329,-0.000168791040778,0.000928691122681,0.004196248017252,0.00034150108695,0.003860980272293,-0.00341659784317,-0.006089530419558,-0.010353037156165,-0.784645974636078,0.61982786655426,-0.022390453144908,-0.008698016405106,-0.999711453914642,0,0,0,-1,5
139,116353.627833542,-0.022781372070313,-0.00677490234375,-1.00273132324219,116353.596003542,0.012763199524205,0.000848749439408,0.014070012671107,116353.625849542,-1.80417065548599,-0.022476654481506,0.008619804188336,-0.001249235123396,-0.001179200946353,0.000961572863162,-0.000261668115854,0.003096015192568,-0.004333317279816,-0.006145710591227,-0.010348689742386,-0.784594655036926,0.619892179965973,-0.022473927587271,-0.008619697764516,-0.999710261821747,0,0,0,-1,5
140,116353.687495542,-0.020538330078125,-0.006393432617188,-1.00070190429688,116353.665613542,0.013921674598389,0.004054130127428,0.00767736079048,116353.660670542,-1.80420526091802,-0.022546318140992,0.008567671735887,0.00094068236649,-0.000124322948977,-0.004359422717243,0.000647218897939,0.003104920499027,-0.001389503479004,-0.006189377512783,-0.010349724441767,-0.784605085849762,0.619878649711609,-0.022543581202626,-0.008567566983402,-0.999709129333496,0,0,0,-1,5
141,116353.747156542,-0.021926879882813,-0.006088256835938,-1.0010986328125,116353.735224542,0.01066516121744,0.000898284235684,0.007623032304243,116353.730280542,-1.80454614899779,-0.022462786895293,0.008718696881995,-0.000160534866154,-0.002242601243779,-0.004383124876767,0.000716269016266,0.002035235986114,-0.002624869346619,-0.006111564580351,-0.010382036678493,-0.784711241722107,0.61974436044693,-0.022460043430328,-0.008718586526811,-0.999709725379944,0,0,0,-1,5
142,116353.806818542,-0.019882202148438,-0.00604248046875,-0.999969482421875,116353.804835542,0.007399859404894,-0.003320429247111,0.006492786737613,116353.799891542,-1.80497356391892,-0.022580724705806,0.008490473014242,-0.006619499530643,-0.005351841449738,-0.005545328371227,0.001459827646613,0.002920912578702,-0.001298069953918,-0.006230772938579,-0.010327712632716,-0.784842908382416,0.619577467441559,-0.022577991709113,-0.008490370586514,-0.999709010124206,0,0,0,-1,5
143,116353.866480542,-0.020584106445313,-0.006439208984375,-1.00178527832031,116353.839655542,0.0107644971261,0.006240319066274,0.00444002216938,116353.834650542,-1.80521226525558,-0.022680900464184,0.008384837921921,-0.001200765371323,-0.001154966186732,-0.006530697923154,0.002506040036678,0.002235447987914,-0.002565920352936,-0.006304043810815,-0.010316543281078,-0.784916341304779,0.619483888149262,-0.022678159177303,-0.008384739980102,-0.999707639217377,0,0,0,-1,5
144,116353.926142542,-0.020828247070313,-0.003097534179688,-1.00473022460938,116353.909266542,0.016113456175525,0.006168413716842,0.004502606454997,116353.904261542,-1.80571361439871,-0.022702496647942,0.008392556281668,0.00310982670635,0.000920169055462,-0.006469445303082,0.002634439617395,0.00247204862535,-0.000704884529114,-0.006312716752291,-0.01032467931509,-0.785071551799774,0.619286954402924,-0.022699747234583,-0.008392457850277,-0.999707102775574,0,0,0,-1,5
145,116353.985804542,-0.018707275390625,-0.004074096679688,-1.00117492675781,116353.978876542,0.010648116986464,0.003006708870699,0.015126488675541,116353.973871542,-1.80589865572596,-0.022680474847144,0.008381416991861,-0.002317163161933,-0.000105414539576,0.003095298074186,0.002398803830147,0.006107759661973,-0.002901554107666,-0.006308476440609,-0.010312904603779,-0.785128891468048,0.619214475154877,-0.022677734494209,-0.008381319232285,-0.999707698822022,0,0,0,-1,5
146,116354.045466542,-0.01806640625,-0.004608154296875,-1.00260925292969,116354.013666542,0.01170406035868,0.002985403581979,0.01727965441687,116354.043482542,-1.80554022212773,-0.022668780530841,0.008366907918611,-0.000166926532984,0.001988096628338,0.006342490203679,0.005393095314503,0.003590809181333,-0.000185132026672,-0.006306532304734,-0.010304719209671,-0.785017907619476,0.619355261325836,-0.022666046395898,-0.008366810157895,-0.99970805644989,0,0,0,-1,5
147,116354.105128542,-0.016464233398438,-0.002716064453125,-1.00334167480469,116354.083277542,0.014998923259326,0.008277370984075,0.016274843737583,116354.078303542,-1.80535145889146,-0.022557332116529,0.008500995381748,0.006297097541392,0.004041393753141,0.004288126714528,0.005266396328807,0.00488455966115,-0.000534653663635,-0.006220285780728,-0.010323420166969,-0.784960031509399,0.619429051876068,-0.022554604336619,-0.008500892668962,-0.999709486961365,0,0,0,-1,5
148,116354.164789542,-0.017578125,-0.0048828125,-1.00218200683594,116354.152857542,0.009661948434807,0.007296795070708,0.011925369045266,116354.147913542,-1.80523151667937,-0.022441725680864,0.008666315837545,-0.000148017890751,0.000939077232033,0.000985275022686,0.00466251000762,0.003874946385622,-0.005614638328552,-0.00612308178097,-0.010352862067521,-0.784923553466797,0.619475901126862,-0.022438999265432,-0.00866620708257,-0.99971067905426,0,0,0,-1,5
149,116354.224482542,-0.017974853515625,-0.006240844726563,-0.99951171875,116354.222468542,0.010680873867872,0.001964613936151,0.007628624942532,116354.217524542,-1.80531055782087,-0.022539900966403,0.008418331043349,-0.002291330136359,-0.001150971511379,-0.003332241438329,0.005126915872097,0.003138691186905,0.001312732696533,-0.006238838657737,-0.010285707190633,-0.784947276115418,0.619445741176605,-0.02253719419241,-0.008418231271207,-0.999710559844971,0,0,0,-1,5
150,116354.284144542,-0.018524169921875,-0.005630493164063,-1.00459289550781,116354.257288542,0.009597233620319,0.001972070787204,0.009756756969614,116354.252314542,-1.80541013938858,-0.022569673761427,0.008324534088481,-0.001228462904692,-0.001168814720586,-0.002249400131404,0.003737630322576,0.001747900620103,-0.004699110984802,-0.006280088797212,-0.01025780569762,-0.784977853298187,0.619407057762146,-0.022566976025701,-0.008324437774718,-0.99971067905426,0,0,0,-1,5
151,116354.343806542,-0.019973754882813,-0.005020141601563,-0.998199462890625,116354.326899542,0.010660101211369,0.0019542276079,0.010839598268841,116354.321924542,-1.80562086257592,-0.022612232496145,0.00826956499476,-0.001210886053741,0.00095692044124,-9.75662842392921E-05,0.002712070941925,0.004180114716291,-0.001846253871918,-0.00631489790976,-0.010248747654259,-0.785042881965637,0.619324505329132,-0.022609531879425,-0.008269471116364,-0.999710142612457,0,0,0,-1,5
152,116354.403467542,-0.022445678710938,-0.003997802734375,-1.00236511230469,116354.396509542,0.008463259628163,0.000895887390703,0.017230918568922,116354.391535542,-1.8054952218487,-0.022597478291699,0.008216910651716,-0.002371225506067,-0.003307865699753,0.004148843698204,0.001324038952589,0.002967794425786,-0.000182271003723,-0.00632477318868,-0.010223910212517,-0.785003900527954,0.61937403678894,-0.022594792768359,-0.008216817863286,-0.999710917472839,0,0,0,-1,5
153,116354.463127542,-0.021514892578125,-0.006134033203125,-1.00254821777344,116354.431297542,0.012780776387399,0.00297448462151,0.016221846831891,116354.461144542,-1.80520707908054,-0.02258625858536,0.008172273289754,0.000923638232052,0.001984101720154,0.003144033253193,0.001389127224684,0.0030757477507,-0.003035008907318,-0.006332724355161,-0.010203829035163,-0.784914612770081,0.619487464427948,-0.022583583369851,-0.008172182366252,-0.999711573123932,0,0,0,-1,5
154,116354.522789542,-0.0218505859375,-0.005645751953125,-1.00257873535156,116354.500908542,0.016044213987182,0.006133792622671,0.015205850876026,116354.495964542,-1.80505022719863,-0.022518662764217,0.008246836731843,0.001986191608012,0.00197340361774,0.004225997254252,0.002069216221571,0.001700723543763,-0.002576351165771,-0.006282295566052,-0.010212644934654,-0.784866392612457,0.619549036026001,-0.022515993565321,-0.008246743120253,-0.999712467193604,0,0,0,-1,5
155,116354.582451542,-0.020751953125,-0.007110595703125,-1.0025634765625,116354.570519542,0.01387320506655,0.004029895361508,0.0151696318852,116354.565575542,-1.80478844466034,-0.022393244932618,0.008418762580797,0.000884974375367,-0.000144874677062,0.004202295094728,0.000738358125091,0.003093345090747,-0.000865995883942,-0.006178473588079,-0.010242067277432,-0.784785985946655,0.619651317596435,-0.022390579804778,-0.008418663404882,-0.999713838100433,0,0,0,-1,5
156,116354.642113542,-0.020980834960938,-0.006256103515625,-1.00270080566406,116354.640129542,0.010639328554867,0.001943841279649,0.014050571595149,116354.635155542,-1.80463159116716,-0.022392157146828,0.008448205067698,-0.002335053868592,-0.002224004361779,0.00094258505851,0.001561239361763,0.001566391438246,-0.000347435474396,-0.006168117281049,-0.010253765620291,-0.784737467765808,0.619712889194489,-0.022389486432076,-0.008448104374111,-0.999713599681854,0,0,0,-1,5
157,116354.701775542,-0.02191162109375,-0.006240844726563,-1.00210571289063,116354.674950542,0.009637447352779,0.00516759777919,0.010843859326585,116354.669945542,-1.80460038698888,-0.022392983456428,0.008432045150121,-0.001211199909449,0.000964065548033,-9.84445214271545E-05,0.001531552523375,0.002069030888379,-0.001476466655731,-0.006173290777951,-0.010247778147459,-0.78472775220871,0.619725108146668,-0.022390315309167,-0.008431944996119,-0.999713718891144,0,0,0,-1,5
158,116354.761437542,-0.022201538085938,-0.005325317382813,-1.00138854980469,116354.744560542,0.00961294627075,0.003038400487671,0.009762349607903,116354.739556542,-1.80467693319194,-0.022446461874536,0.008330527093713,-0.003345723263919,-6.3115730881691E-05,-0.003340044058859,0.001966502517462,0.002791490405798,-0.002529621124268,-0.006226125638932,-0.010224281810224,-0.784751117229462,0.619695365428925,-0.022443797439337,-0.008330430835485,-0.99971342086792,0,0,0,-1,5
159,116354.821098542,-0.022674560546875,-0.004974365234375,-1.00123596191406,116354.814171542,0.011797803629051,0.005149221967668,0.007657919714523,116354.809166542,-1.80485156419446,-0.022478387427567,0.008231935141151,-0.000120635144413,0.000960070639849,-0.00329690054059,0.000152124091983,0.004371368326247,-0.001141011714935,-0.006270094774663,-0.010194944217801,-0.784804940223694,0.619627237319946,-0.02247573249042,-0.008231841959059,-0.999713480472565,0,0,0,-1,5
160,116354.880760542,-0.021377563476563,-0.007598876953125,-1.00296020507813,116354.848961542,0.012843094356907,0.003005643606263,0.006588926852965,116354.878777542,-1.80518280622364,-0.022403568692145,0.008283581871954,-0.00011371076107,0.00096353283152,-0.004367225337774,0.00145060941577,0.000806679949164,-0.004191517829895,-0.006226421333849,-0.010190998204053,-0.784907877445221,0.619497299194336,-0.022400926798582,-0.008283487521112,-0.999714732170105,0,0,0,-1,5
161,116354.940422542,-0.020980834960938,-0.006851196289063,-1.00022888183594,116354.918541542,0.010689662299469,0.003027481527202,0.008704542022924,116354.913597542,-1.80533769742687,-0.022424717128614,0.008283491816114,-0.000136347487569,-0.000106258783489,-0.003302493132651,0.000922434031963,0.003110667690635,-0.001430153846741,-0.006235537584871,-0.010197030380368,-0.78495579957962,0.619436502456665,-0.022422067821026,-0.008283397182822,-0.999714255332947,0,0,0,-1,5
162,116355.000084542,-0.020065307617188,-0.006912231445313,-1.00257873535156,116354.988152542,0.010673949649038,0.001961151826734,0.008698949384635,116354.983208542,-1.80554463584897,-0.022439768730149,0.008174926182668,-0.000120635144413,0.000960070639849,-0.00329690054059,0.001883547753096,0.000987946987152,-0.001338005065918,-0.006276125088334,-0.010158436372876,-0.785019636154175,0.619355797767639,-0.022437136620283,-0.008174834772944,-0.999714851379394,0,0,0,-1,5
163,116355.059746542,-0.020477294921875,-0.005630493164063,-0.998931884765625,116355.057762542,0.012832974344765,0.005117530350696,0.013022058782161,116355.052818542,-1.80560218563532,-0.022467459098045,0.008086530636757,0.002006963826716,0.001983790192753,0.001015023328364,0.001483999192715,0.003234148025513,-0.002680718898773,-0.006314661353827,-0.010132135823369,-0.785037219524383,0.619333684444428,-0.022464834153652,-0.008086442947388,-0.999714910984039,0,0,0,-1,5
164,116355.119438542,-0.020355224609375,-0.003753662109375,-1.00227355957031,116355.092583542,0.014949921095269,0.004018976401039,0.014111824300221,116355.087609542,-1.80555282054374,-0.022414951041216,0.008124932501139,0.000914535485208,0.000928379129618,0.002067238092422,0.001355204731226,0.003394618630409,-0.004800796508789,-0.006281910464168,-0.010131103917956,-0.785022139549255,0.619352877140045,-0.022412333637476,-0.008124843239784,-0.999715805053711,0,0,0,-1,5
165,116355.179100542,-0.0194091796875,-0.00390625,-1.00270080566406,116355.162193542,0.0149360726576,0.004012052182204,0.016252473184427,116355.157219542,-1.80530079748238,-0.022376050893793,0.008198417085281,0.003040270879865,0.000892692711204,0.004232920706272,0.002811662852764,0.002979818731546,-0.000558614730835,-0.006242603063583,-0.01014868542552,-0.784944355487824,0.619451642036438,-0.022373432293534,-0.008198325522244,-0.99971604347229,0,0,0,-1,5
166,116355.238762542,-0.018035888671875,-0.0050048828125,-1.00099182128906,116355.231804542,0.014942996876435,0.004015514291621,0.015182148742324,116355.226830542,-1.80496876550803,-0.022330570835409,0.008269299096536,0.004125775769353,0.001944641582668,0.004251029342413,0.004292063415051,0.004393472336233,-0.000695466995239,-0.006201109848917,-0.010163445957005,-0.784841775894165,0.619581758975983,-0.022327952086926,-0.008269204758108,-0.999716520309448,0,0,0,-1,5
167,116355.298424542,-0.01580810546875,-0.003860473632813,-1.00205993652344,116355.266594542,0.011754394103283,0.004069043829532,0.011933624844645,116355.296440542,-1.80497015669582,-0.022257405504013,0.008324539658893,-7.53616914153099E-05,0.003099654335529,-0.005426364485174,0.006461950019002,0.004479227587581,-0.003395140171051,-0.006155288778245,-0.010162451304495,-0.784842550754547,0.619581401348114,-0.02225479669869,-0.008324443362653,-0.999717652797699,0,0,0,-1,5
168,116355.358086542,-0.019500732421875,-0.005599975585938,-1.00083923339844,116355.336205542,0.010658236998606,0.000894822126267,0.008693356746346,116355.331261542,-1.80515648317647,-0.022241751420803,0.008328486036145,-0.001244489103556,-0.002227999269962,-0.002255870960653,0.004798350855708,0.004010152071714,-0.002753913402557,-0.006148871034384,-0.010158577933908,-0.784900307655335,0.61950820684433,-0.022239146754146,-0.008328389376402,-0.999718010425568,0,0,0,-1,5
169,116355.417734,-0.019454956054688,-0.0052490234375,-1.00057983398438,116355.405815542,0.009624930495655,0.001985919224872,0.005475459201203,116355.400841542,-1.80551818074644,-0.022282039815358,0.008213272430664,-0.001185366883874,-8.14914237707853E-05,-0.006525983568281,0.004075709730387,0.002353806048632,-0.003669381141663,-0.006202204618603,-0.010124723426998,-0.785012006759644,0.619366765022278,-0.022279445081949,-0.008213180117309,-0.999718070030212,0,0,0,-1,5
170,116355.477396,-0.019683837890625,-0.004714965820313,-1.00320434570313,116355.475412,0.010684602293398,0.004083424899419,0.011921107987522,116355.470438,-1.80570994708569,-0.022371147470444,0.008092749204842,-0.000141408294439,0.000949684530497,-8.59275460243225E-05,0.002654194831848,0.003835459239781,-0.001198470592499,-0.006275476422161,-0.010104414075613,-0.785070896148681,0.61929178237915,-0.022368548437953,-0.008092660456896,-0.999717056751251,0,0,0,-1,5
171,116355.537057,-0.021270751953125,-0.004806518554688,-1.00164794921875,116355.510232,0.010646252773701,0.001947303389066,0.012980247153046,116355.505228,-1.80571426821494,-0.02237768234655,0.008058650000484,-0.002313515171409,-0.001185872592032,-0.000125221908092,0.001897793263197,0.002901092171669,-0.002403795719147,-0.006288623437285,-0.010093039833009,-0.785072147846222,0.619290232658386,-0.022375088185072,-0.008058562874794,-0.999717175960541,0,0,0,-1,5
172,116355.596719,-0.021163940429688,-0.005386352539063,-1.00117492675781,116355.579843,0.012773852168565,0.002971022512092,0.017292171273994,116355.574838,-1.80551216721783,-0.022345418539532,0.008003562690898,-0.0001928396523,-0.000165615463629,0.005257027223706,0.000919504091144,0.004020933061838,-0.002936720848084,-0.006292001344264,-0.010062063112855,-0.785009562969208,0.619370043277741,-0.022342843934894,-0.008003477007151,-0.999718308448792,0,0,0,-1,5
173,116355.656381,-0.020462036132813,-0.006118774414063,-1.00146484375,116355.649454,0.014958709526866,0.005081843992089,0.015187741380613,116355.644449,-1.80516834212056,-0.022203100956384,0.008172639496352,0.000931014306843,0.003022454679012,0.004215996712446,0.002592992037535,0.001809633336961,-0.003789365291595,-0.006182041484863,-0.010085411369801,-0.784903824329376,0.619504690170288,-0.022200535982847,-0.008172548376024,-0.99972015619278,0,0,0,-1,5
174,116355.716043,-0.020462036132813,-0.00689697265625,-1.00579833984375,116355.684213,0.014944861089198,0.005074919773255,0.017328390264819,116355.714059,-1.8048465459975,-0.02210649154532,0.008326320575971,-0.000177127309144,0.000900714192539,0.005262618884444,0.001184124499559,0.000834157690406,-0.005726397037506,-0.006094891577959,-0.010116775520146,-0.784804701805115,0.619630515575409,-0.022103924304247,-0.008326224051416,-0.999720990657806,0,0,0,-1,5
175,116355.775705,-0.020706176757813,-0.00592041015625,-1.00048828125,116355.753824,0.011724833015183,0.00299578991023,0.014068681090562,116355.74888,-1.80472083961138,-0.022122519475728,0.008362487409162,-0.000194704160094,-0.001225020969287,0.003110785037279,0.000925485044718,0.002640344202518,-0.001103639602661,-0.006089336704463,-0.010136314667761,-0.784765779972076,0.619679629802704,-0.022119941189885,-0.008362390100956,-0.999720335006714,0,0,0,-1,5
176,116355.835367,-0.02056884765625,-0.005844116210938,-1.00086975097656,116355.823434,0.009592173614247,0.00302801415942,0.012973322934212,116355.818491,-1.80460414115136,-0.022146263093856,0.008297503681512,-0.002327363006771,-0.001192796742544,0.002015426754951,0.001147598028183,0.001980270259082,-0.000996768474579,-0.006118200719357,-0.010118531994522,-0.784729421138763,0.619725584983826,-0.022143689915538,-0.008297408930957,-0.999720394611358,0,0,0,-1,5
177,116355.895029,-0.021942138671875,-0.0042724609375,-1.00224304199219,116355.893045,0.012806609049973,0.001928927577544,0.009794307540984,116355.888101,-1.80466759970867,-0.022196876404385,0.0081933380917,-0.002283954061568,-0.000112618552521,-0.002260277979076,-0.000114040449262,0.003493539988995,-0.00140905380249,-0.006170661188662,-0.010093151591718,-0.784748733043671,0.619700968265533,-0.022194309160113,-0.008193246088922,-0.999720096588135,0,0,0,-1,5
178,116355.95469,-0.02142333984375,-0.00518798828125,-1.0008544921875,116355.927866,0.011790879410217,0.005145759858251,0.008728244156626,116355.922891,-1.80477763121794,-0.022207817220456,0.008197151249656,0.000986408442259,0.003050151281059,-0.004346598405391,0.001499067991972,0.003680458292365,-0.001165151596069,-0.006174325477332,-0.010097697377205,-0.784782826900482,0.619657933712006,-0.02220524661243,-0.008197059854865,-0.999719858169556,0,0,0,-1,5
179,116356.014383,-0.02166748046875,-0.005538940429688,-1.00138854980469,116355.997476,0.011741877246159,0.000887365275214,0.006565224719263,116355.992502,-1.80510324267568,-0.022196513325782,0.008198789388736,0.000939270481467,-0.000148837687448,-0.004363376181573,0.000923193991184,0.002186734229326,-0.002614557743073,-0.00617102580145,-0.010093833319843,-0.784883737564087,0.619530200958252,-0.022193944081664,-0.008198697119951,-0.99972003698349,0,0,0,-1,5
180,116356.074045,-0.019760131835938,-0.007568359375,-1.00259399414063,116356.067087,0.010703510737138,0.003034405746036,0.006563893138718,116356.062112,-1.80547036176277,-0.022219518546753,0.008160200272157,0.000930481590331,-0.001211705268361,-0.005439293570817,0.002044830471277,0.000133987516165,-0.001027822494507,-0.00619386183098,-0.01008468028158,-0.784997284412384,0.619386076927185,-0.022216951474547,-0.008160109631717,-0.999719858169556,0,0,0,-1,5
181,116356.133707,-0.021560668945313,-0.00531005859375,-1.00271606445313,116356.101877,0.009595369407556,0.00091266530557,0.007610515447119,116356.131692,-1.8057728148636,-0.022302869488357,0.008065110965549,-0.002261316403747,0.000957173295319,-0.003325009718537,0.001090578734875,0.002861777320504,-0.003607630729675,-0.00625755218789,-0.010072227567434,-0.785090506076813,0.619267463684082,-0.02230029553175,-0.008065023459494,-0.99971878528595,0,0,0,-1,5
182,116356.193368,-0.020599365234375,-0.004531860351563,-1.0003662109375,116356.171487,0.010660101211369,0.0019542276079,0.010839598268841,116356.166543,-1.80586858009615,-0.022316778865958,0.008010990912849,-0.003346821293235,-9.47755761444569E-05,-0.003343119286001,0.001318115741014,0.002288859337568,-0.003210783004761,-0.006280253175646,-0.010054990649223,-0.785120010375977,0.619230091571808,-0.02231421135366,-0.008010905236006,-0.999718904495239,0,0,0,-1,5
183,116356.25303,-0.020843505859375,-0.004669189453125,-1.00119018554688,116356.241098,0.013857492416118,0.00296356566104,0.015164039246911,116356.236124,-1.80579232916196,-0.022350229139172,0.007939775425856,0.003030383959413,-0.000201834598556,0.003153928555548,0.00156519189477,0.004079218953848,-0.00086110830307,-0.006315052974969,-0.0100376335904,-0.785096168518066,0.619260311126709,-0.02234766446054,-0.007939691655338,-0.999718725681305,0,0,0,-1,5
184,116356.312692,-0.0198974609375,-0.005462646484375,-1.00152587890625,116356.310709,0.014944861089198,0.005074919773255,0.017328390264819,116356.305734,-1.80549572398323,-0.022249424817004,0.008147395841173,0.004108964465559,0.000846651848406,0.004242362454534,0.002791894599795,0.003050870262086,-0.001241981983185,-0.006209692917764,-0.010088837705553,-0.785005033016205,0.619376122951508,-0.022246850654483,-0.008147305808961,-0.999719321727753,0,0,0,-1,5
185,116356.372354,-0.019821166992188,-0.005889892578125,-1.00276184082031,116356.345529,0.013861220841645,0.005082376624307,0.019456522291901,116356.340524,-1.80531213396524,-0.022164372455383,0.008227591742953,0.003047960810363,0.00192390056327,0.005305763334036,0.002966251224279,0.003848225809634,-0.001698553562164,-0.006150544155389,-0.010094537399709,-0.784948587417603,0.619448184967041,-0.022161807864904,-0.008227499201894,-0.999720513820648,0,0,0,-1,5
186,116356.43201225,-0.017807006835938,-0.004989624023438,-1.00306701660156,116356.41513625,0.010677678074564,0.004079962790001,0.012991432429625,116356.41013125,-1.80493503811875,-0.022114968357674,0.008300725448593,0.000913437455893,0.000896719284356,0.002064162865281,0.004595313221216,0.00273117236793,-0.000187397003174,-0.006106594577432,-0.010109088383615,-0.784832060337067,0.619596004486084,-0.022112403064966,-0.008300630375743,-0.999721050262451,0,0,0,-1,5
187,116356.49167425,-0.018997192382813,-0.005996704101563,-1.00090026855469,116356.48474625,0.011768242540951,0.004075968048366,0.009792975960439,116356.47974125,-1.80493502333239,-0.022097396986201,0.008244312146145,-0.002275165170431,0.000950248911977,-0.001184361055493,0.003173949196935,0.001713457517326,-0.002963662147522,-0.006117178592831,-0.010081509128213,-0.784832000732422,0.619596362113953,-0.022094847634435,-0.008244218304753,-0.999721884727478,0,0,0,-1,5
188,116356.55133625,-0.0186767578125,-0.005081176757813,-1.00230407714844,116356.51950625,0.008541290248102,0.001993376075924,0.007603591228285,116356.54935225,-1.80524367454295,-0.022138699325935,0.008119732546259,-0.002231736667454,0.000935613876209,-0.007601038087159,0.003169486299157,0.00395399518311,-4.91142272949219E-05,-0.00617353618145,-0.010044468566775,-0.784927248954773,0.619475662708283,-0.022136161103845,-0.00811964366585,-0.999722003936768,0,0,0,-1,5
189,116356.61099725,-0.019882202148438,-0.003250122070313,-1.00228881835938,116356.58911625,0.00637028132747,-0.000110521185238,0.00756737223746,116356.58417325,-1.80546204773393,-0.022156954259163,0.00805942001182,-0.004477580543607,-0.004381121136248,-0.003372737206519,0.00199756026268,0.003329109400511,-0.0021852850914,-0.00620047794655,-0.010025776922703,-0.784994721412659,0.619390249252319,-0.022154422476888,-0.008059333078563,-0.999722063541412,0,0,0,-1,5
190,116356.67065925,-0.02081298828125,-0.004776000976563,-1.00105285644531,116356.65872725,0.011743741458923,0.001946770756848,0.008711466241758,116356.65378325,-1.80572525378365,-0.02225126704737,0.007947959396078,-0.002297783270478,-0.001214356161654,-0.002260601148009,0.002763254567981,0.003461792133749,-0.002964675426483,-0.006273335777223,-0.010010414756835,-0.785075724124908,0.619287073612213,-0.022248728200793,-0.007947876118124,-0.999720871448517,0,0,0,-1,5
191,116356.73032125,-0.020172119140625,-0.005279541015625,-1.00283813476563,116356.72833825,0.010677678074564,0.004079962790001,0.012991432429625,116356.72339425,-1.80576558268804,-0.022265477351567,0.007954124640727,0.000922244973481,0.000864773755893,0.000999107956886,0.002319697290659,0.001987854018807,-0.001744329929352,-0.006277206353843,-0.010017108172178,-0.785088181495667,0.619271159172058,-0.022262932732701,-0.007954040542245,-0.999720513820648,0,0,0,-1,5
192,116356.78998325,-0.020248413085938,-0.00592041015625,-1.00263977050781,116356.76315825,0.0149656337457,0.005085306101506,0.01411741693851,116356.75818425,-1.80569509107533,-0.022247983899166,0.007997376796634,0.003070617094636,0.00189887941815,0.002100058831275,0.002027541399002,0.001802223734558,-0.00163745880127,-0.006256592459977,-0.010028889402747,-0.785066485404968,0.6192986369133,-0.022245436906815,-0.00799729116261,-0.999720573425293,0,0,0,-1,5
193,116356.84964525,-0.020126342773438,-0.00689697265625,-1.00265502929688,116356.83276925,0.012803413256665,0.004044276431394,0.015157115028077,116356.82779425,-1.80544095229315,-0.022161066617133,0.008121469512153,-0.000152606517076,0.001935098087415,0.004203157499433,0.002367872744799,0.001209149137139,-0.002124845981598,-0.006182767916471,-0.010051468387246,-0.784988284111023,0.61939811706543,-0.022158522158861,-0.008121380582452,-0.999721467494965,0,0,0,-1,5
194,116356.90930725,-0.020156860351563,-0.00732421875,-1.003173828125,116356.90237925,0.011710984577515,0.002988865691396,0.016209329974767,116356.89737425,-1.80514370609028,-0.022153193872949,0.008119590552342,0.001955551095307,-0.000226323259994,0.004217006266117,0.001474991440773,0.001512445509434,-0.000781893730164,-0.006178765092045,-0.010049210861325,-0.78489625453949,0.619514942169189,-0.022150652483106,-0.008119501173496,-0.999721646308899,0,0,0,-1,5
195,116356.96899925,-0.021209716796875,-0.004714965820313,-1.00184631347656,116356.93716925,0.010648116986464,0.003006708870699,0.015126488675541,116356.96698525,-1.80494060114283,-0.022156025156308,0.00808400576236,-0.000147546641529,0.000879154773429,0.000986590981483,0.000150315463543,0.003399470821023,-0.001422524452209,-0.006189881823957,-0.010036752559245,-0.784833252429962,0.619594752788544,-0.022153489291668,-0.008083918131888,-0.999721884727478,0,0,0,-1,5
196,116357.02866125,-0.02459716796875,-0.00439453125,-0.98681640625,116357.00678025,0.010075537352097,-0.035384622455556,0.015995478139234,116357.00180625,-1.80488420005193,-0.022169666535014,0.008107417946942,-0.000163259916008,-0.00018717488274,0.000980998389423,-3.89851629734039E-06,0.002919340506196,-0.001957058906555,-0.006187696941197,-0.010050339624286,-0.784815788269043,0.619616746902466,-0.022167121991515,-0.008107328787446,-0.99972140789032,0,0,0,-1,5
